100
-231.182234 -331.702149 -207.311830 -628.403199 16.621118 199.496940 -8.929875 -831.765318 398.309703 -205.409108 -182.869312 755.006595 -324.397343 489.235050 383.000596 500.648785 -115.617912 -529.447924 -266.743141 243.790785 169.857811 111.010963 -49.832812 265.317420 -159.093795 -432.127237 -103.172213 -152.823715 -71.199336 43.432444 -613.477001 -185.043951 -125.249313 -10.359932 -335.064647 -380.157310 176.031346 -202.175677 271.158027 -316.152010 577.611266 -452.935008 282.766013 -141.845189 -307.523656 -284.576675 158.977254 -517.287673 79.330732 -408.820504 -264.765895 79.862223 264.264998 -12.471796 413.123970 -425.607670 -564.755014 7.165008 -115.029517 -141.003449 312.457776 402.665715 49.431063 294.440713 -351.567181 -66.417164 -646.074211 -265.181571 305.074629 402.505496 124.628337 -245.323717 116.211274 -52.391836 -554.280525 14.901883 -18.702304 -42.204901 331.599049 165.584844 116.005115 435.699706 -39.788644 339.536374 254.962480 7.967250 -21.308203 -443.474905 -227.067926 98.386474 299.858557 282.804857 -160.729888 -174.880148 368.549940 -445.173298 105.849186 -312.710781 9.418821 -169.143437
-452.944290 -681.162442 -585.699999 99.701998 159.478821 373.078976 124.870984 163.341822 -155.772777 -209.406868 478.869323 -477.745361 335.131761 -94.666852 469.805510 397.882502 -93.648691 223.919130 455.615233 -366.873826 -106.189926 286.923374 350.745153 -478.432128 144.934134 239.646506 -200.148900 -327.428141 530.775941 -29.803551 225.547962 66.351257 -344.876865 -207.666479 482.175784 76.217628 442.288329 482.698448 -793.071406 184.025172 -143.356925 104.911339 174.146567 -10.436001 17.682992 450.930351 892.000048 425.007154 150.667199 37.246363 -517.647734 313.344383 -477.754451 146.813667 -411.826241 -279.757522 368.713224 430.357539 -253.697653 -299.804240 547.139569 -775.196743 93.923687 210.472980 -588.059203 -163.479653 363.651101 344.969315 -493.830636 -61.869743 0.315484 -115.097948 326.745094 301.341590 -219.169670 -331.545573 -163.181119 457.474694 503.540968 -672.897280 232.053034 -244.027784 125.020503 -174.362294 -310.351539 -222.534681 99.298605 454.443186 402.534935 -709.790194 244.651334 -50.162276 -149.381195 297.073863 57.798462 27.614165 -381.260942 32.934645 -203.062526 202.326725
151.532862 180.061830 -689.408860 360.690805 51.340310 269.033824 -502.834368 -394.397837 -133.125846 285.291364 -197.630104 -465.782399 214.708014 -519.010402 -141.344217 -189.974061 433.970134 112.093123 -161.430511 -518.471350 -75.829094 593.772850 -814.530080 -560.823920 564.387257 458.534114 591.247152 398.923261 343.127337 204.781886 -192.258007 224.130750 -216.700195 -218.584859 43.702219 -484.271214 -293.766644 -380.063232 -91.156674 665.893945 132.849185 791.601566 -83.451024 416.847525 -297.048271 1054.218535 -30.898150 -177.905312 72.480923 230.211081 -250.193710 326.827181 -202.486085 -461.122453 -271.811017 -449.122548 8.602381 -455.309667 -566.141888 164.801139 -161.343287 -581.612700 138.753390 -199.730179 20.083386 4.346610 110.157854 -481.312115 -68.683352 -290.084167 273.037815 76.753816 -72.414891 281.926167 384.797977 -61.129349 -328.430796 -281.164726 578.739876 55.158614 216.222740 50.872120 -90.270797 -37.295874 -155.120240 -204.562323 239.322257 236.847695 83.276374 -260.641097 -965.236553 230.208950 -951.613770 155.288550 399.773879 -67.680534 570.279689 -67.785114 112.999839 -525.473778
-323.765949 663.451499 250.092706 -335.612802 318.980028 11.346837 -38.079797 349.790232 -276.699751 4.731819 261.223685 169.632652 108.511350 409.197974 354.287610 198.641270 203.901414 -92.657406 -280.559357 -563.114280 -444.557365 -139.705403 -440.872379 -457.334261 70.514587 -579.836496 341.206196 -384.390137 -474.661369 -758.711128 157.137846 439.354722 -349.471445 393.132662 158.228605 -356.461810 -428.840127 314.858895 219.047460 -33.938451 662.245159 103.300061 125.982393 -310.363023 60.653443 252.102341 -155.030092 -219.000580 -624.147427 -422.295851 -374.289744 281.442778 109.973504 411.226390 -95.635308 -427.580260 -121.555107 343.846540 -163.288070 398.315781 -210.806727 582.083692 -238.415228 -39.136075 305.254204 -177.018273 -402.976604 -154.894510 628.727696 208.415905 467.653852 -313.843730 233.308347 1.511774 288.251628 -3.316327 405.463918 -177.365714 -407.749055 -2.724240 269.905532 -23.690935 216.244677 345.843375 -224.535066 2.107536 19.888232 276.742417 -585.607622 233.267701 57.324597 -189.218770 196.227365 177.702564 -214.159803 202.134606 -103.245594 -155.860531 237.013727 23.714243
157.169408 454.445130 -362.765929 -479.255160 606.127836 -478.072116 164.892200 697.064796 -301.975179 8.357839 173.503473 225.673578 -243.113768 386.623041 172.278166 -374.409830 -42.371069 -375.090454 -307.969970 -196.698371 -223.449453 -386.174451 -697.414986 -364.008413 -204.840278 132.674793 -8.189983 162.410405 -303.908183 617.962007 -135.704549 -515.379311 169.308467 -67.037464 -296.229507 -607.169339 -535.442151 318.422512 -104.529478 7.628694 526.367372 462.440215 -651.435072 -153.414805 5.420750 -196.312361 152.536413 -284.229837 35.732897 -200.472769 -428.376458 173.182564 -537.039667 -470.777930 -16.044541 37.494759 -287.029835 26.577861 -375.179364 -190.601910 -560.656694 -1273.535759 -324.322294 -492.674557 53.044570 -31.249004 -89.239931 75.592965 12.837572 -695.792980 -121.860285 -139.793949 -322.538826 -29.635056 94.696609 -399.691561 -141.712135 -52.238272 306.805233 -476.685772 352.821343 70.405143 638.127113 -130.785058 401.926399 219.274536 -128.330482 918.833198 -16.475953 -932.846931 -748.398088 102.182346 -121.810613 -177.499406 116.138502 -122.971245 -341.437165 -790.827574 -11.484663 636.747204
-131.761171 -294.264357 392.106910 -385.821396 61.474502 -13.205902 -236.740192 194.645992 -183.610629 74.866695 26.404841 152.556910 61.041669 -109.974877 260.448461 94.149712 -280.412713 -235.961717 -233.859174 -332.998016 151.968933 -253.721367 -99.990999 -42.519524 28.327640 -62.064757 -121.094896 424.774806 -75.269386 -187.911129 925.172249 -399.297627 189.968081 101.824139 -301.028290 236.299316 121.646672 140.385254 -9.110451 80.127842 -380.793225 106.758500 707.672607 38.762637 277.913762 210.205008 119.657053 232.990672 205.211123 -47.585482 164.273653 -438.786535 119.318912 -102.225265 45.166788 -14.524387 82.625611 -217.659555 -176.720890 371.334199 -289.527788 -145.704207 53.556356 -72.490727 352.205455 276.851002 147.266653 151.382469 -102.873578 19.314088 339.168821 -72.250992 246.424875 179.844213 57.207317 597.334262 -238.456121 0.770880 -212.535748 105.831176 -183.498882 222.896332 -88.578444 -371.997215 -147.129382 760.648757 -266.086164 502.177877 -370.447071 -334.882302 -192.668773 -162.435029 37.470978 -156.643995 5.963115 -514.079919 -143.436628 143.108964 332.324138 -60.384956
-312.304742 6.041633 -270.641413 -449.819872 -69.665134 -117.050942 -29.283012 562.244597 -185.965572 -191.802273 159.189636 538.443357 413.091102 85.249122 -340.930483 -505.336907 119.721398 -42.979673 497.572094 238.010007 256.353668 47.283562 75.996693 -123.348275 298.137216 56.270423 -69.703146 254.449092 463.099409 364.613776 -362.351128 -54.605580 363.762299 469.693763 -138.274894 -530.729011 110.268416 -244.343075 -292.338276 239.367567 -272.597531 -310.758522 -97.082710 -52.099310 -364.930748 -389.141272 173.953571 477.421882 -90.150481 516.357895 -11.715533 167.657196 -95.879618 404.861321 286.952373 545.929854 127.881860 -321.586532 -390.693956 107.194840 287.677570 369.922796 259.388151 117.372666 80.051061 399.083304 208.188151 71.956135 -83.172128 -219.087759 45.929890 4.677631 192.235001 -39.186284 -99.131335 -317.929094 683.193365 -114.226979 -241.336065 -399.189620 -4.257736 144.165425 27.281652 -80.229033 -167.558244 187.482142 194.109899 234.565613 -189.208105 7.710384 -217.796931 -342.316502 943.144997 -532.165342 120.641728 427.861128 -421.437761 -156.779718 -489.432209 -207.219424
248.064360 119.279819 -192.417596 733.177590 605.761018 -391.590897 155.624950 221.457773 -410.211558 -208.147475 -312.359813 -181.349007 -705.131060 -495.685487 150.533680 66.522862 472.818779 735.844233 639.082214 207.715120 294.948897 -268.608911 509.523380 136.214460 -494.222637 -400.844670 -161.839735 -105.964285 -895.179604 -616.541681 265.169903 153.391804 -64.723910 4.106943 383.708531 -825.447205 429.075742 34.726478 146.229072 18.198510 -48.549474 -330.552434 159.730173 -127.887131 440.860464 -529.311406 144.030578 324.180250 297.890034 -214.429205 -47.413908 -204.286948 -487.344767 59.675317 362.550745 81.600836 -55.698541 19.611554 -364.087718 365.665459 78.161687 113.926073 535.488617 55.478100 25.696534 98.718156 -184.772927 533.866407 372.627138 352.664857 528.630489 -125.961965 170.518948 -51.170285 -766.224957 -248.056309 170.203826 35.642765 205.417940 -40.299090 216.638525 -303.274061 261.067797 -243.288091 -291.248799 -399.165054 -132.693554 250.349821 -565.698509 152.787242 47.583896 -33.757557 279.349349 -215.076374 153.555081 -238.906621 -58.057609 51.087576 188.304740 -429.647064
-279.947033 41.001885 165.187832 -111.271734 -127.794152 -296.350314 444.679005 -125.193003 942.994754 354.051168 -212.957745 204.529393 245.056265 109.319862 81.425409 544.933955 -546.788994 -842.657720 128.887655 216.324295 -98.581143 -304.316548 15.343976 702.249010 -9.246923 450.180076 103.243116 272.422726 19.886426 332.450112 -74.450415 -355.600089 -209.710478 157.303654 177.446620 533.532320 66.060283 353.774615 -118.423736 -133.705353 -227.901272 -676.726326 685.614218 -299.116881 -106.747288 -40.388594 -189.439479 -515.788941 876.322720 -522.812337 441.134486 -403.546812 263.317603 -404.439236 324.281964 590.361743 228.516216 -202.280647 186.858664 37.542235 525.851167 256.459929 -111.069375 -328.861546 -62.522812 -116.389946 8.944495 -312.700028 90.981705 -75.882256 -148.466167 289.131781 81.653682 144.813531 57.717886 56.354073 3.291817 -517.543333 225.900757 -156.769693 -251.390017 -170.772152 -47.308511 -104.076697 -256.058110 23.173967 -43.323410 -120.323796 -153.707200 648.708797 -0.588862 229.001485 273.324641 255.933230 -31.021240 -8.485008 312.304633 -253.544960 -151.125112 60.889958
521.034453 -510.223844 363.113947 498.358703 273.354442 103.299784 805.395757 605.598854 516.001433 -85.368271 -95.107703 10.327829 -588.780811 19.112430 -204.426436 -182.006932 318.756213 1118.408041 46.851518 -385.610055 18.594343 -211.980531 -323.450198 383.009972 -411.249524 -224.059234 -732.285144 -271.696295 102.635900 397.459911 303.417962 190.456501 -57.139037 156.027788 -107.317789 370.087150 334.737587 92.440705 513.032482 276.633120 -5.529636 105.101655 -277.843698 500.555458 -236.334376 -835.217379 -541.250122 -111.433763 -186.292747 -30.046797 -63.414355 -165.903047 -881.922584 -408.467688 298.072156 514.741467 410.799137 39.874370 -9.998494 204.137719 231.572088 -364.817963 -360.224820 236.545892 8.505136 -887.217010 -149.436175 77.129177 55.785789 423.149415 -35.887605 246.267415 415.981545 -10.371043 -164.243545 121.069729 239.813990 452.620473 420.678286 40.104247 -51.634466 272.689845 152.190391 -525.922429 -76.359057 -53.845663 -501.586540 240.503698 511.393835 -194.413285 289.604904 -130.569595 294.982748 60.271960 -160.208583 -275.048053 -328.577324 -164.736616 -434.919255 492.072326
-216.833274 802.378792 -359.869829 -296.536466 88.849539 -429.345522 333.864132 -309.655970 456.641840 378.595540 236.727854 447.636773 -128.901608 133.335696 -40.763570 -269.587098 301.274058 -76.576668 153.216343 -26.421175 171.985730 -369.030122 98.360910 260.410086 -90.910707 -427.828866 118.411734 -508.449892 -318.602411 226.014903 -204.739532 -10.840602 -252.889368 241.038504 79.052736 -443.715956 -159.585820 148.562209 1.143270 -355.654444 408.123491 -48.961480 113.907771 -432.092989 -365.089375 -743.788134 70.180144 -364.840565 -321.521451 -103.627035 48.688642 314.545158 646.547057 145.206462 167.315813 5.849153 -95.112011 -97.558354 -316.674056 299.968488 -434.593378 187.608415 -616.157668 -573.107080 300.865543 106.826380 230.159422 -160.159263 -310.162075 76.086396 60.794847 400.792378 -21.583953 -128.842117 37.899833 -8.026627 733.017476 -546.606322 374.647347 190.827587 230.067272 -194.725704 187.486346 130.800022 -190.846227 186.466537 43.612497 259.127224 25.389073 486.638943 -566.456308 114.984164 32.595645 -95.488680 -386.489270 168.183309 -58.888610 -277.011545 -507.433608 0.535661
-203.002422 12.698669 376.521719 652.295522 80.335677 521.907865 525.499699 363.554852 291.730140 204.568568 -409.202954 -530.116501 62.776293 362.533169 246.632309 -421.759715 -420.695007 234.682652 -271.349757 -106.673090 369.474585 -66.745937 564.031484 396.284930 -377.701482 -798.503470 -15.686493 -235.202562 403.947273 83.368531 312.453854 190.416972 -522.613464 214.130410 -749.467274 -202.778142 127.453954 -137.210578 220.284702 351.995745 -100.097611 669.780205 -25.487378 44.927183 -490.635655 -169.437230 -242.269414 -16.191232 385.548125 244.116650 776.857443 17.266814 -322.185397 -521.052460 -315.573828 123.296254 317.346832 58.572933 -290.489363 -63.082421 -283.550118 -296.139074 -381.909955 -308.063730 255.167940 -44.989036 -17.194439 146.517104 201.344858 179.877772 -3.658336 -319.686423 138.184139 -127.696856 197.271872 -65.635971 113.953087 146.444982 -321.954593 -241.366470 -138.882244 -137.345406 389.753017 -65.912438 190.006983 -454.237323 -176.527524 95.676839 -77.830966 -295.579862 49.390336 -281.028544 467.981131 636.460370 -431.484467 -163.858678 -365.099577 -337.472463 -145.211108 -28.919837
118.492673 -810.385608 -42.458247 -68.784157 95.026711 159.782427 -204.668893 355.488608 -1196.453954 -1022.873434 204.554329 10.529824 110.020214 -13.364239 -310.451331 -684.647098 -403.562288 345.618445 274.651182 48.516584 220.871788 62.096730 -59.490076 451.333273 -60.786712 -173.017087 20.538070 346.637585 120.193971 382.661864 -560.485738 -390.955846 347.828363 440.992220 -101.686182 -8.562382 76.764941 84.409734 -49.275753 -220.144556 -587.316131 -143.712006 307.223054 -64.624609 -233.687713 134.762724 193.541833 325.600674 -192.450519 153.322960 -495.673882 -231.951519 -290.069261 -35.612927 230.868145 435.710428 -164.552793 -190.350712 -35.593490 -376.718414 107.979410 409.111792 -96.210874 35.447102 302.103113 -811.268346 -363.974986 -114.883906 380.083512 378.868441 -170.791479 691.882468 52.230985 20.165395 67.201370 174.936797 -438.827907 221.048510 -452.663977 -24.807688 83.576592 198.315582 -252.081952 -432.937018 124.521868 -168.051915 115.487184 -181.731696 439.788679 469.241995 77.195460 -422.285994 263.869122 240.821398 221.008140 -220.295373 -259.004023 -203.002257 163.770185 216.677496
205.202966 239.234352 -146.758102 -52.032713 477.346541 -552.371070 -356.117601 406.790679 676.718286 -27.820814 156.633680 -367.594480 -341.078494 -276.907672 251.548631 -153.933400 779.854409 157.519529 -98.586208 -425.141358 627.343773 237.466850 -119.113160 -358.802604 -117.105444 170.521665 -231.987181 -225.732133 -238.244918 332.928337 178.139966 -111.169885 370.969587 176.774935 696.751190 39.271116 -88.483854 353.137905 -566.576185 -351.221438 -421.392138 -129.853650 192.949621 -155.360958 270.727171 208.870315 -289.089746 338.853637 -346.668138 -81.340959 144.791960 -492.138969 -210.486489 -516.088224 571.128941 246.035874 95.152738 268.997911 -479.931628 -35.443061 349.314587 -434.078414 -2.485337 -465.760398 174.568588 -128.883701 192.834949 71.288740 -775.016401 252.984735 -418.866590 -69.793901 -248.041472 -109.845413 9.087723 305.208950 194.257608 -461.675281 255.113400 -362.232294 218.812411 362.611144 -76.966169 205.826798 -377.211485 403.324932 -222.432471 280.802035 126.416033 -202.162288 427.438384 -48.721342 -172.434436 -474.252605 -403.072340 193.326315 -189.087842 144.727501 -312.976373 -34.600542
-152.670324 -198.407132 -93.416068 208.010415 325.444670 -249.542214 430.652970 -59.973146 -173.591638 249.659121 260.922635 169.273846 -590.081348 -242.758631 -189.648040 628.129666 417.852817 106.026310 -373.872824 -519.176574 -110.030608 429.604415 28.300272 -361.361924 -372.548732 54.991684 334.456167 86.668027 -864.799058 -7.032324 -387.141594 162.004603 -432.546131 -293.501822 -127.174364 -32.523068 196.416313 231.288349 -365.310749 206.606286 -97.040222 722.303503 -257.710818 -84.088011 -42.485736 61.296514 -480.985185 67.456249 -487.008220 185.640267 -108.631417 -173.556962 -117.232230 -167.224404 654.151673 -254.802185 -88.427074 -260.905847 87.019228 326.593796 165.575884 211.897756 57.416425 -349.857979 -352.095043 -306.929663 87.097117 376.653234 376.994012 910.422353 -401.094965 463.813759 243.077586 295.886286 476.923969 73.133977 -104.595225 -81.715595 65.975153 -33.926555 -230.957022 -677.082515 -173.190720 -35.352320 -111.353779 11.549040 62.266796 314.677160 -54.304668 626.618754 461.202033 35.068017 42.116482 271.572235 -671.159098 209.425004 203.018373 -389.577641 -162.466179 177.187359
-258.156023 -356.347961 -362.240049 -195.142529 383.693759 -8.225906 133.551118 501.094413 -149.892534 180.431011 -373.565574 139.717661 -620.370129 138.916992 -224.517538 46.880770 585.810389 444.809929 741.964452 117.701831 93.357462 263.276594 -199.977680 303.816130 592.008575 -183.394597 -401.064097 274.967735 -127.288871 -229.987840 -169.291363 -723.096221 813.068601 -131.237438 -427.699915 -324.971262 384.499280 289.040864 176.218954 393.935551 162.063807 -70.814743 -358.376596 231.753830 75.250895 -950.132653 421.293223 -109.847086 -159.212528 400.249057 -68.389197 -275.562821 -94.291704 94.504142 234.153049 -188.227288 511.486608 -136.474812 -82.320579 433.279326 -246.494413 43.326365 484.432057 -324.727455 -265.671141 36.106858 195.301270 149.271102 -323.787559 -169.886080 123.888143 277.057861 141.507266 311.868548 -618.755247 85.820771 -77.856518 1.029831 -9.450082 572.461174 -148.452020 20.335374 173.514370 -82.786231 38.923093 -489.440306 -354.845240 -227.131887 -302.707513 -114.653031 -196.609622 -13.568385 39.476716 546.131955 -64.563974 48.460303 -205.374712 -75.187754 361.253362 -216.040790
288.355272 -275.339452 481.649407 -248.613961 -346.616224 751.776140 -108.319715 -160.607375 -560.532846 223.234130 156.472136 -458.562145 -334.065042 442.176052 -139.916401 232.413158 124.407509 243.754993 225.541288 -131.166816 53.643215 149.188770 104.133421 165.211968 -188.413781 -256.835172 -87.697655 544.122224 94.190634 410.119531 -297.305379 291.501023 966.302375 -691.489760 124.855863 67.737119 291.959096 63.018742 167.177864 505.274170 -130.274701 48.279103 -41.448715 -25.516484 -111.505856 -660.182990 124.958871 711.609268 14.415851 -424.161064 -12.691135 -335.748418 -67.525628 277.912043 -44.686999 158.323118 -221.393595 -176.831926 -31.991465 -54.807705 120.373334 -36.646101 162.291278 63.043984 -75.958043 440.927798 392.957560 -236.678848 -155.546674 -258.511678 -182.552271 -153.941341 161.753865 -57.031041 -985.973067 555.604084 321.095301 -206.386708 88.145222 203.763360 -445.646899 -241.223807 -93.937907 786.291706 196.658169 -138.992224 141.762488 -612.382711 163.369526 -705.130767 16.644434 1.168251 698.673582 278.129425 -265.708544 -528.900945 -252.069800 0.018344 134.168250 321.532783
-79.051415 -199.615017 -618.711239 -476.084021 -613.451698 48.148043 -217.675773 274.490452 314.126943 63.690399 437.531826 -508.234344 -14.949754 194.409290 -318.755924 -305.698751 -168.502925 137.462413 177.452479 210.128659 -27.822063 295.337592 302.169824 -801.056639 672.921758 90.204292 -326.455309 -104.955450 64.681171 -193.967716 110.836671 -416.043630 -139.703039 -194.436431 -239.070777 304.541468 206.630537 37.159609 0.828278 105.500041 366.913529 179.583964 -120.612215 -152.715080 -92.905433 -321.451546 53.317257 -284.022195 -30.799743 -269.791799 -474.066231 -309.287514 416.084754 73.089192 -218.023497 -20.323193 -122.064016 -494.667813 22.148431 -69.679624 237.256719 16.386579 337.166630 -44.909160 7.958286 -103.839262 53.033475 -205.999634 262.897203 507.686954 360.619268 -220.144398 190.228599 10.693851 -290.431132 386.277782 129.802970 -212.842745 276.562956 -659.558898 151.944491 438.638134 402.062767 -278.464422 101.306242 98.424567 529.270636 -332.027411 127.112220 -299.510554 -66.229425 -292.150892 -266.890176 -1046.104741 141.505962 279.075462 242.899618 -736.164380 310.252407 -520.113795
53.711769 -127.047199 154.018042 402.235280 -254.159143 -249.496922 -172.297386 -243.708357 -151.702491 239.648415 478.692496 -214.332531 -53.640716 -417.216965 -3.957023 451.719162 -254.794726 -281.874993 277.408927 -334.144651 258.871218 -68.731519 -275.504971 -231.261952 508.551074 372.454710 704.752384 34.725000 87.150906 -306.172942 572.880708 -226.099127 -19.654900 -104.469227 -312.142096 520.313622 -469.247700 776.735203 -251.973540 -169.824032 331.764911 -152.942979 638.680631 53.678734 74.423186 186.876028 211.688399 -319.267051 -1.988418 197.789701 -148.549227 -32.452421 395.692443 238.118345 -486.236413 -975.141361 -319.923507 543.002775 -152.001857 24.236069 -82.657682 -348.047201 620.822667 -232.290908 81.833548 349.089013 325.050893 352.409965 446.530292 525.963946 75.016603 -224.831757 224.857995 69.122184 -72.592882 -105.401083 -47.471022 266.838927 -71.110997 136.126822 409.718749 162.187287 316.266871 -238.153030 67.341798 213.211003 -382.120111 -330.149600 -196.359741 358.592492 504.799079 -29.263141 -883.224004 404.281376 248.428226 357.568733 -485.304573 93.440013 212.612929 -45.392783
71.461385 -426.855885 305.438047 -89.114632 651.504756 316.540736 245.916816 433.308136 -417.433168 -126.003321 -355.973447 228.556048 -489.127723 -111.784706 199.182254 -155.424268 155.226241 402.781528 -376.192490 65.790847 -52.547885 359.049841 -359.249815 -51.403631 -353.019107 -143.240236 -109.877721 -126.248467 -143.099142 71.839954 -111.181038 670.039490 -499.558046 783.444464 -91.391751 -774.083946 -413.260570 167.566920 -130.493992 -15.225184 142.025392 324.078040 -319.104012 177.381167 150.363819 553.787846 -632.270665 -183.833359 329.900453 399.083580 -72.781252 42.357892 -384.339278 -1028.009264 172.389354 416.515764 147.198441 -136.188784 -433.610615 -332.216032 -90.345507 -816.019900 151.105909 -394.044689 114.127042 -112.346338 -28.388236 -229.987082 -197.481092 -185.649968 360.124100 -353.603102 -73.232343 -383.133744 611.929513 -53.497896 -142.232126 -255.715890 -473.817659 -282.292820 -637.957426 696.090754 759.682931 -3.829386 46.680168 -567.167367 -7.704317 63.762275 131.164225 289.201902 132.097241 570.047600 -240.635848 -191.852337 184.505546 -179.214324 424.973510 27.005041 19.368842 -180.556061
553.314122 -732.662996 495.949516 74.001927 -1.380056 -164.279833 608.877375 -188.454442 80.699325 -54.354982 93.882769 -403.665874 71.704026 -436.520731 -339.229765 174.231750 -324.827826 -41.450293 -444.319698 -456.229001 358.221749 -263.987374 104.382237 63.890828 -85.749301 325.425399 -226.660324 -0.704964 319.907730 325.849639 295.550727 59.790017 428.277545 -422.892876 199.522726 -273.171623 291.737856 -144.799866 -167.870884 161.744113 -129.849092 243.572346 58.761313 174.532087 261.847109 37.017361 40.610008 0.107957 -113.738525 726.075421 553.103772 178.465964 -540.861269 -578.146093 -137.981224 32.772596 -65.823298 102.138334 274.489288 -463.855038 -164.254527 234.942732 29.091441 -318.998398 216.885325 252.635482 -441.158149 371.427548 195.508878 -109.967827 -336.590898 500.023912 -124.774828 -103.747878 95.639885 160.219352 141.886858 156.936035 400.972695 551.584172 -97.002233 106.636285 -109.743611 -79.871855 173.532879 -104.229919 -104.831500 -224.725930 -165.636910 -493.125233 388.380276 -228.893482 306.798401 -240.331108 -242.693668 -962.087699 485.262959 671.922007 -365.127093 -40.102349
134.996231 338.626862 -296.734025 459.439221 -531.485138 -274.990653 192.485053 342.679241 679.920116 51.686175 492.409200 -28.129071 469.469688 -274.322327 -227.887612 270.334393 -60.510368 332.432898 459.394459 450.692581 271.335651 -78.094674 407.244083 -146.682155 -105.290518 -36.015503 -723.918822 252.756596 259.755914 15.114603 405.952567 235.447495 50.088950 449.165687 -167.096837 -25.873944 15.094192 -54.775876 336.274456 168.619860 251.081203 -77.950701 -355.215183 235.687052 -414.403465 -141.439832 -112.845743 346.237581 320.412854 134.919846 48.071983 377.294200 347.662842 -39.088683 72.988288 -150.078239 -541.975330 447.739222 -843.589116 868.536164 -307.822068 -364.897554 -349.174641 -577.024167 117.750765 -182.259183 1009.522224 72.207626 -518.749257 -295.932062 270.625365 -503.037060 -17.688519 -111.485348 -144.518594 -802.426300 182.860572 -155.344475 -619.428337 0.044573 -182.326347 309.418514 -223.310660 -468.849224 -288.810563 -266.574577 18.427687 16.192766 -250.231691 -25.690724 -299.151157 275.744167 -66.744345 116.430869 455.747730 313.926182 -787.612746 -27.409525 -484.735351 -104.556099
-134.700029 -381.458598 -289.801696 227.291867 -209.529766 551.672748 31.157312 314.417986 -357.812174 -380.098215 -386.238437 75.533671 -186.763873 480.884035 284.545397 152.077434 443.954059 -111.817283 739.869228 352.524576 -391.574392 22.081305 618.211457 152.666894 -167.001507 80.677772 -84.107744 52.389197 -27.149128 86.653083 -163.369572 627.739529 280.460906 -605.250248 -383.696798 70.599773 -569.186589 -256.627149 180.455411 -132.513519 168.259546 -92.865467 510.921150 338.747603 106.673545 -225.783860 -16.504051 58.389185 -271.326633 -945.863885 158.440665 41.718205 -84.449476 162.365228 -91.030170 367.197192 -264.650043 311.024496 -102.931917 -424.206176 -774.578972 -462.992384 451.102946 54.211553 464.642972 205.133376 329.595391 -647.938445 -398.328388 132.654881 74.078117 -260.900306 27.785057 -471.925550 -925.691516 -777.390650 746.191497 95.821871 -233.818353 -517.294727 194.639485 406.802188 -131.135820 -22.137679 342.268902 -137.820774 119.380996 -356.423700 124.484543 -272.281696 -116.921140 292.372470 -123.093264 -7.932530 215.633710 36.818107 -384.491095 -175.696574 92.145120 -348.821712
1127.505731 725.733298 340.736416 403.071986 46.386473 -1024.085585 113.341534 -4.364397 202.940498 -431.696509 -46.445384 393.408690 -95.724484 -262.290850 -106.080726 -164.599310 622.805780 377.145711 -1049.641286 -199.558700 325.215273 -837.729626 142.990122 -84.824599 -333.867264 -589.837645 -88.992749 -512.374409 -471.081711 -192.815117 -633.785860 419.113636 81.499348 157.707759 558.216556 -334.234126 274.249818 96.036065 77.839583 -14.592643 307.566082 257.166392 -273.951229 -59.822842 -19.782345 79.492588 -651.080957 -418.998385 -386.705300 910.860652 -50.292471 39.036189 -2.733171 -44.551339 -33.458971 -318.304110 294.819029 -303.461824 -7.147188 287.549142 -264.153025 153.169124 -341.149622 -615.927492 -235.401047 -325.804659 -111.772506 187.660253 -30.816150 385.986601 262.571605 459.295562 -133.335780 255.327507 598.667367 283.622914 -204.213482 283.453060 -436.066428 353.086472 -202.047879 270.155666 -164.522358 -284.130044 -452.230178 -962.107118 -467.674016 119.179544 -62.846711 -282.228371 -242.767511 79.361700 310.308494 -329.568137 -77.822497 -87.070795 -68.282072 90.672650 -60.437172 360.935240
372.566899 41.195611 43.734370 350.841841 124.443584 -689.865365 -448.936988 -191.508432 72.360213 -19.633429 21.589769 -230.924766 -12.075468 -556.918053 21.334465 -120.806012 -437.654650 240.817044 20.401750 -402.452954 -217.115596 -54.587423 193.139251 -548.919843 29.278994 111.417192 130.524533 110.928027 -270.261058 -12.119999 -581.421622 50.797371 116.454633 108.917746 -277.680858 -275.585482 299.601688 69.962563 -205.607264 708.004569 -211.594236 209.599347 26.583667 138.674572 624.131030 122.149429 -63.984021 -94.681014 -273.405612 150.667186 -26.422405 -669.784934 -534.371277 -190.583395 159.578112 -160.434104 333.212366 -264.115463 114.722412 -14.727447 906.521509 -14.696144 460.327707 -259.264774 -247.156291 -167.009203 200.128576 345.410924 -415.297516 182.343961 -245.098125 426.565109 -1.938901 276.781702 606.966224 417.035956 -240.879334 470.851697 -109.063690 -364.407883 -444.338878 34.810443 -422.610555 -173.590163 -65.168016 -293.847877 -845.899965 382.622761 -679.101353 178.166309 -215.734428 266.512594 131.270898 -59.131954 -480.653438 -285.261276 -312.880025 358.395261 319.531071 109.620041
-427.737804 54.484781 256.534448 -156.394781 -570.820232 830.325654 -224.857336 -413.159515 614.696574 -94.139743 -245.397190 98.432949 686.230739 -65.092051 -544.031229 165.996914 -22.203287 -77.966105 -316.361834 -207.680228 -285.818621 -111.268261 -146.578642 63.870321 -248.618476 233.413297 -396.133368 286.245371 114.800030 -424.999704 522.425265 -414.631473 340.226862 -183.219762 212.664337 291.840637 -380.723386 -281.600568 457.162594 99.762870 -746.528163 397.794585 139.394841 38.252073 -425.729979 -218.429595 31.223166 -212.547495 558.895310 -185.754631 -193.205835 -143.816989 148.708876 854.512547 -435.203174 127.460907 187.955703 -206.479341 240.103607 206.702526 -240.674079 365.257338 -792.787207 440.902688 25.709564 -235.344917 -214.657440 -459.939009 521.114254 137.685704 229.189653 -54.680090 -413.230557 29.471683 -39.979401 296.037827 398.191939 -159.173011 347.553368 226.018826 242.135483 -401.611538 -484.196539 -146.678101 242.029935 197.419836 704.943637 456.212434 423.568657 -165.575607 -477.173783 -89.469486 -68.684468 71.710666 -127.696433 -62.854554 415.808142 -199.992453 -70.481473 196.301444
-544.106835 28.601887 -109.036033 479.275326 244.928014 -182.263483 220.176932 66.833916 -81.645038 -81.392609 -170.386504 83.950021 126.037398 41.451404 -146.374298 -491.907964 199.733488 -369.906154 -229.170951 -617.078792 -473.993758 -303.948588 -587.593636 16.941706 180.692217 -33.549462 2.914315 531.385178 -48.867881 -386.472280 -145.090337 152.000758 354.206838 -93.567613 204.419732 -243.898563 -114.451668 -229.255060 -222.472659 -578.095567 208.134525 -130.199601 351.216466 460.061038 523.712643 -106.883759 -85.630850 -80.825481 -297.767510 -513.204150 -111.515497 150.887887 -831.142292 498.463042 508.991546 -26.651696 -84.307150 382.636137 -62.498720 -151.790310 -46.712415 169.575513 -31.933291 415.267006 178.972274 -146.876310 -72.886588 -389.003818 -42.156784 230.419864 598.696704 45.257114 114.389057 -269.876577 -296.129716 -19.253238 160.548728 -118.615389 92.277934 -129.590949 253.211530 -90.905241 -423.083172 95.836711 -46.892144 -156.293786 235.227744 322.437690 -137.797687 -18.484769 214.507719 11.117971 -249.798681 649.599511 -31.435925 -265.820813 -257.770606 483.301424 -566.191777 -225.548083
-34.819704 -384.104848 386.025473 272.901095 -116.478334 42.068301 224.224531 382.755781 -3.603801 42.947647 -136.051347 42.422468 -495.687829 42.644168 -214.021236 -301.229371 -652.899773 84.257771 82.193005 -52.312803 -93.391399 158.324964 573.656639 90.286703 631.702887 48.656759 25.555262 6.765444 67.526859 154.792733 -331.141238 10.114419 -765.671342 -11.484267 -403.976761 -301.195541 167.745528 -613.475912 -74.126850 436.562975 21.037535 -45.787530 71.238706 29.651091 368.300863 -347.041210 270.543392 107.535371 35.871763 -16.410669 -288.524856 -708.906706 343.680886 -277.803922 -479.966548 683.487070 129.243660 -426.684931 314.451115 225.552751 442.405843 137.922136 410.154307 -113.268132 -64.595542 -71.563020 270.174481 678.633865 645.832395 132.574912 169.490476 88.622812 675.641188 355.167739 -550.162627 126.662558 -499.355616 251.710408 -198.418210 -283.460344 163.292029 379.250620 69.572117 -287.936612 416.927196 -251.625029 -907.514727 -185.170819 431.467218 212.758719 502.629932 -191.783641 128.150798 -0.300058 -257.890067 -481.470971 -174.505254 -425.727688 425.197593 -211.818685
12.865910 -127.649213 511.323275 -40.573482 502.847018 517.590458 -86.460159 -392.001541 213.963302 233.031974 -61.096821 48.776533 -334.075982 -3.479311 336.932527 224.707199 -75.241133 510.796810 -81.067282 -12.881003 -170.495311 497.715381 -608.547992 -208.187134 -555.658500 85.958597 373.277818 -56.936670 -161.068044 -279.823494 -352.850582 107.059371 -40.181998 -83.389534 -46.886029 -236.561394 -840.938122 -147.891331 -163.145815 -59.557483 434.137202 -321.132755 28.713816 743.797422 -273.325595 450.518278 330.885027 -342.082265 -351.424433 232.093046 -2.025813 945.495431 -563.186089 -146.130920 88.337736 -399.268248 -587.802600 593.990324 141.971662 -58.142502 -192.386460 -271.328848 343.157890 -68.020183 -20.807003 -29.142322 117.709066 -588.001610 -142.185192 -396.656808 98.789255 101.416134 494.701506 -447.068090 -440.149022 79.547423 -142.344220 31.110635 175.872865 -236.317459 -263.940553 6.303916 327.881100 198.986913 -328.407615 159.890764 337.825054 446.653755 -278.600169 -23.131099 79.245366 381.631053 -542.761941 306.907691 592.743124 -243.648931 544.605753 292.188102 -168.790960 682.735735
-181.531693 -272.207065 -70.451508 -682.232278 -537.928814 34.330883 124.443819 -5.831335 -224.809843 149.051099 414.922667 388.760598 -48.017489 190.813784 -117.981863 -194.068957 -238.822075 60.732718 217.436311 -221.732062 -264.306522 -278.691902 -168.892492 535.898423 161.307666 -236.502222 300.452456 62.854844 533.003268 130.722653 -330.855406 193.068244 54.555400 -288.682601 -503.476736 -313.632678 -344.494888 -368.918734 397.033441 240.418828 170.935949 364.067325 161.814250 -291.601865 136.163187 292.159024 -441.530147 -477.938404 127.076581 -141.616967 -631.472023 -401.368582 82.242635 -68.808984 287.018838 -371.133414 39.759531 -297.897017 -618.081752 -60.118283 90.174563 -5.728839 -41.529645 363.056499 87.579903 186.954814 51.281642 238.056318 -89.139188 -79.309605 -56.640355 612.578035 121.142466 -259.905982 -81.718012 149.299400 -382.596801 -230.237861 -151.619838 95.145767 -296.533212 273.803468 266.792440 696.019292 98.156243 -432.841528 4.327069 -419.981504 -242.942954 162.573636 -808.601323 227.251252 -607.690002 -550.994242 146.180446 -349.317931 -2.830049 -269.568857 208.322248 -283.512840
-311.067046 849.005368 -199.157990 189.353664 286.583326 115.346388 -266.771995 -328.181703 -804.397409 -77.225791 92.999422 -269.367005 -258.664210 129.391994 -106.193941 -830.265962 174.557687 246.306203 532.090720 284.662370 -10.653898 149.065053 -351.705026 -567.752250 -89.628487 315.427027 -8.723283 -131.384483 -556.895506 150.589118 -165.810859 -46.646795 -70.421206 93.209821 211.887525 -796.183836 -135.068383 -428.215863 -373.852127 -427.652072 341.015034 -109.246465 -173.330160 -167.161510 -308.687083 253.117758 105.079951 475.420335 -134.228476 -620.143142 116.309237 171.840166 482.749401 717.101003 -529.397724 -79.464017 -702.800482 199.273168 52.939844 220.815395 -390.891017 -26.358351 64.758818 -294.319260 155.031148 -110.748094 -106.361990 -150.584402 31.531692 -436.777415 518.825184 54.291117 278.821987 -287.290027 -365.531096 230.243167 -623.319973 -36.284232 -112.878499 -391.895978 340.776616 -19.007308 77.731221 -42.091396 -334.969102 559.382507 -533.813188 256.637560 211.446919 -46.482874 -286.891506 -204.172883 -405.331134 220.549801 595.798362 115.215819 229.401302 -128.939164 193.782176 36.870212
-516.242665 498.976773 -379.974947 594.661757 89.019457 130.249010 259.465107 122.497081 -63.313670 -169.821759 -355.275978 181.652981 -265.745699 -233.056599 414.980580 -117.715413 608.541785 815.792387 -59.396296 580.295527 -238.732944 115.900469 -288.961539 -623.114421 244.375669 -43.520603 185.449074 -445.116786 8.209349 159.589850 -277.269502 -264.340955 -393.263257 -227.179050 317.624780 -847.481591 -19.609041 -765.621934 -101.749538 339.060132 45.474514 391.064328 -290.557052 632.121755 -95.712561 -361.164413 -90.887602 332.855227 187.248636 33.469460 -625.039560 40.827000 37.669217 -57.650197 4.948550 -715.945882 230.289093 263.679613 78.708165 229.334496 89.672986 -293.180006 32.889082 -206.405202 -524.110017 214.348654 19.204087 -55.807233 -849.920030 -657.855330 136.794020 1.968486 40.393432 137.859540 369.832062 549.833854 -780.991466 -221.957660 259.105272 -241.807248 11.298617 -159.216547 277.940568 568.565885 291.725557 -297.346804 -244.363625 58.182416 501.381307 -178.352107 -515.352361 -398.074849 275.788261 -198.028451 279.905483 246.707772 -362.665060 408.254090 -246.548090 201.152797
266.397256 -261.065690 159.260545 -246.629899 -70.288849 -61.974450 543.867625 -405.116498 272.963632 108.268621 243.617313 78.318307 687.458302 -73.046957 231.217565 9.900140 -306.051824 84.906762 -2.530508 441.771685 -123.335568 68.242144 -88.736220 -520.346423 -410.645746 -168.037739 -644.780807 -237.212469 202.449517 -904.611706 -95.332666 173.769364 -133.412243 110.380030 -115.220909 147.982771 376.847157 -358.844291 -303.896078 -224.495899 100.221207 -418.135698 107.877108 297.116232 -67.439541 -358.820986 -28.141516 228.024123 42.475851 -19.443341 -249.565774 212.215139 -159.792945 606.340367 95.101822 41.681404 38.930532 95.274211 -218.922927 -155.872354 10.822175 105.408028 305.881370 436.883307 135.353140 65.446878 83.522085 -432.051990 -303.941243 -434.869315 569.009048 199.386314 12.170428 -79.090925 326.322112 151.174555 475.959857 389.901564 -363.342142 -553.534117 100.599849 255.214752 8.955630 -343.627609 -822.649403 306.073832 215.303747 -172.473744 -161.480793 -410.463481 613.443668 -126.218937 241.320739 295.460489 834.370985 -125.201114 -416.600644 -385.403514 -453.909065 425.903971
-152.335799 -505.989067 -284.147157 781.082355 68.151412 -379.123182 44.791650 252.861231 495.093593 -105.882872 58.357924 -286.828250 -569.422338 -3.060801 50.835848 111.925628 -238.768675 -68.067574 26.923327 -132.093278 100.391939 320.918334 142.550407 -80.251483 -157.272773 -57.886553 -219.531531 62.719406 53.637494 22.650682 -311.874541 22.163130 -454.424692 317.942303 -97.822522 -78.618301 -302.549146 -330.150110 -380.934457 462.472242 233.155778 102.402569 264.468975 216.112757 125.190098 187.856137 -333.501976 224.542884 -119.439934 -110.952138 53.134117 -121.287945 -289.940407 -486.121959 318.008718 -87.371534 -188.351418 -370.897692 -275.739706 -53.539429 332.552365 -52.728620 353.901162 -270.384679 -79.426543 80.875704 -164.507062 217.993994 -444.855584 -611.164987 188.769535 -135.780897 43.026629 234.562349 -419.909787 -596.871534 541.463197 -20.240027 292.209597 -333.743739 141.970772 203.771139 -87.584278 476.532812 -117.601912 -9.815092 66.322570 200.603189 -34.152378 504.738622 137.647185 343.589871 155.851556 -118.054157 253.689734 -74.657159 116.465106 153.591529 -396.054602 -439.912198
-257.804992 478.659931 -146.488174 146.496090 -25.303712 505.086468 -834.570442 427.774107 -2.600002 -37.276138 -621.802212 -412.067038 -182.053931 292.804866 -297.617643 192.862751 479.584694 141.016735 -151.755787 -81.651798 -162.943816 -12.662945 128.114199 542.527894 413.947304 -698.359035 62.977654 -222.698667 -39.080039 517.763657 -336.210518 -1088.937503 219.500112 184.724356 -232.472459 -67.426071 -720.366134 88.130834 -110.051036 301.651710 -146.077051 72.502574 -724.667933 70.224087 25.446819 -347.416169 -118.751151 -90.440241 -758.827984 212.634305 -30.070949 -36.686130 288.575437 -513.368453 -384.755011 -769.336192 84.421112 -147.722928 -10.582099 17.628719 -392.702599 696.130968 -212.215783 -415.481619 -50.818751 321.767470 -321.371756 9.702678 -396.740527 -115.051772 -19.070130 -225.064632 -184.691896 577.314011 -176.954321 141.182820 2.319214 -660.575906 -475.595054 -131.770210 198.398590 81.800667 -83.776337 131.038991 479.559145 -290.266549 -335.595225 -263.696456 65.847700 -251.660431 -252.126420 33.411660 232.222618 -187.430322 -203.559068 521.462912 5.244573 161.544672 -225.226968 -526.195859
438.392742 840.905178 -887.479996 231.921672 -237.988416 -428.178772 -416.272204 -254.544281 -263.673023 143.513454 -7.642529 121.598499 68.674370 -368.220637 -405.159016 -265.109931 692.821113 -250.493527 615.771435 152.965402 508.576837 -710.793771 417.619759 304.082692 599.575627 -756.660317 161.524760 248.827094 -301.747963 -96.724171 -53.514336 492.132107 170.328885 -514.876615 107.787893 486.030530 -61.162041 -184.735325 442.285810 -64.514203 162.522361 23.936429 -165.646762 299.918246 273.706197 234.196327 462.067617 856.477369 544.611466 311.449214 643.527628 312.561955 480.753989 24.522595 -614.039176 -808.094331 912.522212 6.834349 40.145270 121.653911 -133.865247 -178.020930 2.084292 -219.191016 192.744160 153.980465 311.755698 463.309314 -201.949598 142.224556 247.131245 -342.555165 -81.194031 -351.575533 -360.775655 -199.899831 74.438221 -143.826699 303.543375 162.823792 135.972698 -579.633383 203.010131 -60.995138 149.409488 -135.130858 -95.946795 59.292388 -46.954970 -411.398578 28.781337 155.528210 -303.104882 -32.670479 -369.491606 -168.503519 -42.286598 34.270481 293.642132 -130.598697
-10.274569 13.737119 -353.730430 -54.351742 -13.954731 45.924511 29.540716 -202.990474 -169.664071 54.346140 -263.097608 -118.140029 -677.594608 240.276174 412.187198 120.493894 367.925671 -185.068151 142.247441 264.565371 54.220529 -7.844628 63.094105 -194.544187 4.762378 66.082044 -331.199064 -14.591426 -242.305564 573.076248 -259.642705 27.741464 198.495099 -623.074439 -390.334848 159.430710 -251.099571 145.798242 -391.681918 -231.523800 411.815473 392.570307 -83.114599 -424.246008 504.462772 -325.682224 -292.613801 366.646003 89.176288 -414.554434 -90.172906 -19.029885 -5.595070 210.060508 317.314396 -630.500789 -265.154659 399.480179 -259.078133 153.684975 -102.225713 407.884653 -13.136740 46.041118 -361.935667 451.235147 -228.796051 -119.777084 -223.970080 -220.270319 119.401099 257.276309 -360.045503 -64.074894 52.540909 -366.080248 99.004073 -128.909710 -10.367196 -175.179953 -587.241454 -130.589807 -304.796446 479.815287 496.259489 265.159428 -142.304313 -142.233783 -99.812609 -143.105642 427.394966 -798.057751 -45.385001 -38.682848 18.646942 213.447865 268.550876 -80.474801 -190.092932 44.658826
380.632087 -817.629049 502.044278 597.169735 81.293774 118.398069 -341.466058 -11.855788 -525.890225 -366.358491 234.037572 268.014685 -292.132356 152.013358 -151.975395 489.990443 -251.199694 122.065035 -317.698121 4.493354 -176.076259 -369.879640 -294.619514 -55.236085 174.930825 73.409892 -97.674202 -34.502205 433.822947 -137.493079 -28.869558 97.638451 49.725949 41.019602 94.759026 706.808957 -209.002623 358.683405 -94.368936 263.934874 -66.118549 70.973690 -9.098651 -271.920930 217.455414 119.984489 -21.508822 -87.227084 -282.963738 311.428837 47.163964 20.454519 -158.506800 -196.434272 -419.291699 -178.813050 541.378729 201.958825 390.874521 -157.757826 -120.914164 3.540145 -486.615786 289.155198 714.573470 211.548386 -446.634536 959.599783 475.317906 -454.445183 -440.091265 19.071882 -498.996105 -112.238546 405.585792 -343.623558 222.455409 242.008430 -525.560489 360.019849 -58.405418 -526.268349 -707.018367 390.546725 422.197555 -472.736969 -73.188115 -329.514969 -415.581159 -92.535279 48.680364 232.263974 123.487889 -210.413000 164.411100 -342.916770 30.138136 374.233404 223.665169 -101.223617
86.734012 -4.774792 -212.783478 8.836827 -127.209766 207.711879 -194.458143 -133.762025 407.480201 206.795851 -221.386926 -204.409141 -300.901658 -292.083314 53.420106 70.369257 -383.677931 -454.975078 325.852984 -143.650366 189.248823 91.245657 203.301645 210.455843 -201.515859 191.663209 -185.647339 34.510187 -642.557842 643.213136 -221.956942 -315.028304 34.726608 213.264990 -124.681250 51.151247 404.041960 625.951508 -42.286858 431.078380 -335.900243 -497.198772 5.233872 -381.009258 -92.677358 -277.659364 30.642262 -284.227306 -159.107870 -383.769081 -567.649669 -356.791525 208.330155 -242.402774 -155.786901 110.122526 -119.084993 188.254774 798.219620 330.343007 -665.849245 301.065822 -218.959831 174.053862 18.344823 -358.864815 732.054569 -145.084425 222.468251 -32.331303 -55.201731 -156.586613 -41.301650 -1.899801 -67.722313 35.168254 129.375857 90.983613 50.950808 -112.483848 202.560409 525.375290 -241.653188 -198.754037 393.874242 451.853628 -147.104331 173.469269 -202.695660 -88.177616 -358.457996 -246.955784 -224.132490 -125.273091 199.942535 -55.661365 504.967654 -121.755165 -315.308920 -73.894806
-185.727334 340.592277 -399.820630 161.262258 81.885395 -422.461599 244.002625 -485.730985 332.957697 -376.009304 296.602141 578.735703 -295.759037 -106.483384 347.874287 62.543203 393.918062 -489.474705 266.641276 507.317151 -135.574584 -374.730145 -198.963913 31.734790 20.322763 254.357224 197.449767 199.998103 390.724017 254.820633 -110.316204 -228.509708 -25.519491 291.897161 -196.468469 101.417101 -508.995212 -20.202717 -707.536208 -238.040333 -252.487181 262.284985 -279.066665 152.167078 -404.003641 311.724296 196.403536 -480.850622 -61.480788 -303.045186 -183.871720 -285.844832 -109.226297 536.961665 -349.874909 -238.943480 -148.700212 -477.142620 12.384982 207.906550 -391.114695 364.303584 -177.051807 629.173728 609.808173 73.863139 -101.656000 215.503056 -21.234855 -4.062916 68.783369 547.317370 -270.810881 221.287013 102.776551 -724.704287 56.542827 129.888242 -18.503304 -399.294006 104.118319 283.209441 -149.044829 -416.921658 -493.473747 -222.127920 242.035354 -126.462774 221.965019 -138.461231 29.452202 -3.153434 314.517505 -324.010583 61.508051 292.062607 -514.377623 -51.369716 -139.252446 180.009309
-301.614392 -146.315438 -420.888184 -276.757348 467.602484 0.172534 200.564991 -227.322816 -306.108377 296.432654 325.622643 -37.099530 126.214578 551.161918 781.871149 138.480844 339.097784 -170.780978 -403.439326 -48.509072 82.769358 102.998136 384.098317 -402.757750 -602.827725 806.210319 -235.445463 -210.703937 -447.461248 -303.594071 -215.925063 -135.327419 -773.734476 -85.208434 56.283899 -444.760893 69.726279 -241.611364 -626.921736 450.472230 -207.183360 256.021075 545.552685 -676.525329 303.043975 -383.619044 46.977708 -65.037961 286.686912 -78.060460 37.935895 106.347516 231.344502 151.176665 -479.303079 237.252533 141.210416 -523.004591 -55.787438 -321.185494 -215.138981 -101.246221 460.837796 -156.216148 283.184134 115.871834 -400.533774 -151.720828 252.712995 10.260383 571.852690 559.210919 -238.755703 375.923493 -305.362189 329.566232 -224.030383 349.208331 809.012253 -175.627490 292.504080 -344.343301 -11.118517 -346.592777 -344.958037 360.777517 34.795672 -383.292792 197.425782 947.973464 5.055496 -43.019846 122.017933 417.961720 546.544836 -13.808715 256.939478 -513.198052 634.691963 -516.942238
29.957365 423.121288 344.044466 -675.875068 260.903331 -243.913960 254.789528 -0.020293 -479.786632 -141.768867 -100.165531 796.972261 478.509888 -475.628560 -181.125033 -105.931917 -344.707259 -14.663707 -52.604941 -124.125182 152.040948 -856.891732 399.947036 2.223448 -376.197263 42.717265 702.671962 147.322894 -219.045790 63.183886 -260.340963 406.929550 11.115587 -336.319475 -302.404599 24.852274 -98.537897 -110.338137 196.038490 -366.415342 236.143395 -575.861760 130.488516 -73.747538 235.981158 158.579252 -45.901585 -310.299402 -75.166004 167.956796 0.729989 -216.214594 330.785827 -59.940676 207.820489 -52.500341 -498.703838 -54.740515 370.837309 114.950844 -67.256814 338.020962 274.763029 -429.901375 -204.913917 323.171051 577.861705 25.483241 243.116955 482.764610 363.447858 588.740361 625.066711 123.599788 -578.206003 87.126643 -386.225500 554.654654 11.829128 65.415582 -126.492188 353.201906 632.461816 -442.408410 311.089832 152.222087 -780.587706 -404.060179 309.061003 1270.837277 27.200161 -13.615788 -88.259360 293.579132 380.133911 322.745679 117.574498 -436.274314 -298.756688 244.313188
-266.812802 194.868505 423.649589 449.831832 60.155627 -112.642860 264.062634 -250.296697 -87.433590 442.816323 475.469217 155.669923 55.518972 241.796570 -198.555440 -246.650480 -178.754356 -264.763044 242.412011 -98.508371 -401.348015 -232.870896 -310.949200 -161.382573 -281.016774 -667.940050 -139.356093 -213.851836 -671.449630 -41.418595 -7.985287 323.149384 239.644614 281.651618 -61.983360 -855.964473 192.883643 637.393937 77.509694 199.617286 336.272109 2.824656 -190.108959 -167.559457 -669.941033 -514.215816 -312.821743 -372.054584 -236.420849 -17.803586 -287.981822 586.608723 -167.182631 629.571107 84.213459 681.052291 -68.021817 -254.378303 -227.446325 227.690330 239.058765 186.876658 -357.318099 235.329559 301.175008 -180.239773 371.853066 30.018669 299.835914 176.043500 125.835002 155.938620 -173.007204 148.019578 298.953679 -88.245837 798.013552 -330.573326 -744.199871 -289.847608 15.200002 66.043461 -422.290378 -114.552614 -58.187058 -384.662591 68.939234 -29.220703 -568.134017 106.128905 -614.076827 -277.817766 -225.880484 -102.902320 -224.623257 87.423278 152.912091 -528.958433 -712.093180 512.841035
725.432850 653.999205 160.989632 285.233120 386.427438 87.964378 31.019261 290.660315 176.334033 64.417705 45.774340 -585.324601 24.583624 -340.284245 25.683501 53.046926 542.636127 612.954984 112.500261 -109.376600 257.048201 103.326628 165.277693 592.547483 -415.562628 -139.770041 -226.472604 190.788154 -109.558811 -427.149493 -71.584858 167.539339 79.887002 430.749135 53.592952 -160.857735 147.355100 85.811711 311.149111 64.605406 -450.452180 -443.831100 -278.316908 -147.064476 66.931382 280.598910 -294.838773 386.233835 478.541799 558.225226 171.216293 -447.105209 -474.433446 -31.711471 362.382622 -29.107898 637.643504 -454.744037 -262.507681 -169.990466 230.646096 326.211595 335.938883 -213.961977 755.185703 358.787913 -428.326837 -341.852606 -353.354710 -336.811367 562.697986 269.771730 -420.899737 189.386578 -581.821030 347.849550 196.992189 -525.761042 121.848560 -23.033884 -97.851859 -460.256731 360.809501 121.564051 -742.509936 -208.271466 680.023627 296.470261 -602.244532 313.934290 -842.812515 318.103619 454.848449 -295.493330 280.163759 -109.469400 428.622467 117.752098 -8.692523 -16.645960
582.346882 81.176202 -207.867571 212.609722 -131.878174 299.316510 -73.240306 -387.144638 82.520090 227.862062 -287.694883 163.031057 270.243618 -309.976547 -218.231010 161.768043 -227.361112 -186.975791 103.622640 220.618605 -252.911527 -266.152997 3.323844 677.038609 138.586525 108.868437 151.687532 -238.296296 310.771161 403.075013 -150.915612 -205.645442 -146.798955 79.265290 281.628757 976.651350 -806.794392 -590.203278 -641.207931 359.216223 -316.559464 -186.120222 -212.494077 -85.955687 -171.138824 677.023862 836.608899 326.685173 560.203988 284.680930 38.958048 43.604989 352.476138 388.840340 -464.164903 -472.594317 891.098613 -51.066641 -191.634068 2.974416 -197.445379 -784.363762 -41.127164 527.895198 288.756095 142.253014 218.847500 -62.494840 -44.286863 -275.551222 -92.091132 -49.240384 88.171115 272.887669 265.224848 133.159261 -191.975777 431.609449 -149.585561 -112.083479 -101.583595 129.759270 129.710227 192.983533 -49.585136 404.407285 157.314565 92.686110 352.326091 -421.304915 252.391309 -180.504530 299.282200 245.984265 272.113279 -116.497375 -97.256608 590.283569 -0.127933 123.051593
446.557730 94.481106 -31.538450 -561.757397 -401.540723 -767.138679 -760.747312 31.963886 89.007017 661.529602 261.860536 255.270560 -34.545908 303.127965 -86.856679 -102.003319 143.741327 -260.724917 -156.058960 734.393870 -117.647027 156.971742 -165.148678 63.998622 518.632736 271.586253 -369.744521 75.536841 382.388207 243.567184 -418.958788 -262.023608 4.465365 -65.643085 255.310563 599.732988 117.071173 107.891264 -72.359926 -380.263246 638.422178 21.984199 243.898405 304.604309 65.604335 292.980315 -123.704005 146.754990 -174.604281 -458.846959 530.271868 609.304160 232.028091 224.848008 -197.822716 -323.363649 -483.735358 -260.367490 230.223123 26.813842 -21.723982 111.637895 32.949728 -26.454270 37.165882 -78.751619 -77.410892 252.355842 355.869438 -181.844691 433.917215 -305.155849 37.267936 387.589013 -24.166442 -281.715522 -83.218732 33.197544 -39.266091 83.524703 -86.605026 -42.981857 -218.429344 -172.868421 -414.948280 -63.579056 -78.935906 -360.993000 282.573922 165.951144 339.199794 -379.167990 65.083305 39.987625 16.989386 -93.676506 -247.144687 105.914954 -38.328507 -246.112484
680.553075 353.534582 32.251640 539.860023 113.624341 -694.987817 186.095513 -542.122737 -9.681181 333.861726 -191.914364 262.963485 12.229214 -563.468184 -401.868978 -26.384377 -27.261128 277.886974 343.959098 23.714788 -102.352675 -221.808525 -18.818766 -517.978620 -211.364257 114.839185 -274.120217 403.050762 -616.607146 132.369272 -269.185067 62.584939 747.168048 550.834510 131.270408 -229.702692 249.638625 127.349159 -337.370727 22.242386 -247.674828 -87.687930 -13.376208 -262.142090 358.823581 300.922872 127.524675 234.124277 -580.508260 551.277216 28.720977 -163.724592 -440.838786 452.758486 315.473016 60.488074 7.315254 381.579030 168.275923 166.859848 44.239547 871.810494 -193.302519 -57.129287 -62.289933 -149.481865 221.225724 -326.120649 364.028753 120.772625 147.648099 367.657366 251.694254 436.238732 901.700811 175.934765 164.957871 423.225898 -378.341970 -300.837381 321.030138 180.522168 -695.095230 -316.879833 -673.346819 -184.098219 -122.474725 421.902211 -602.167319 -205.162941 144.621272 -363.883202 -356.576049 -213.200324 0.480349 -279.936472 320.525750 411.778674 -61.236494 65.742906
-92.699789 -183.200054 285.079945 -224.032592 192.683033 100.708055 -238.521736 397.473416 376.632629 98.665096 133.932343 -356.080676 -365.323592 -345.712862 -166.212357 -388.890127 -16.484926 291.545471 366.250947 -89.392839 -168.563237 -1.593927 -119.365755 242.779713 226.511251 -103.476930 50.287899 148.332471 57.182799 -241.464871 -9.593957 182.810105 -215.289388 471.425841 -38.672000 83.730786 -77.925730 -263.452851 267.089825 -129.515227 222.498908 111.353147 302.613109 134.975289 -551.229820 111.277636 -569.763608 -264.971422 -201.661338 -707.538045 220.915056 -380.713619 31.899986 119.403253 640.406189 75.831102 -151.231310 29.622815 359.419360 718.314311 123.709354 -28.758172 75.467761 -399.871010 140.486469 -149.494245 -116.673198 -137.466405 241.058190 70.081366 -83.456290 301.988405 617.517846 68.656606 415.800852 382.552004 293.725983 -397.613436 -74.031011 -333.901256 430.376069 31.641313 -57.456859 573.494870 96.849974 74.201637 -570.812611 -173.825600 -192.112031 142.737327 27.090546 203.580145 -77.427339 -185.044696 -367.730761 -171.610401 -214.469714 -112.785115 -241.566044 -181.814727
-160.204135 -466.072203 -21.716587 -8.679202 -349.284574 336.888465 217.640477 510.580970 -665.819562 -138.018711 -257.481103 223.104275 -468.250219 134.577233 128.145274 -152.904623 -155.058203 103.588280 312.175305 26.860124 208.011186 -227.365046 -146.866883 -175.335593 124.945798 -110.070010 -377.296868 205.765115 179.659150 -43.379661 297.805855 -450.188373 168.225969 -144.524211 -917.858185 -340.118452 -181.434806 -46.510198 -62.783426 -87.458914 -50.786588 164.762062 -139.294799 -137.426595 189.248621 -265.175840 -134.891761 -45.086506 311.074982 -91.452441 -344.165116 -419.612016 -449.940002 -373.008101 -175.761748 12.979031 -165.030264 -352.286067 -289.532129 60.307624 -12.806772 -390.557748 11.172033 -120.819735 -64.822709 -111.510748 71.711926 925.439811 31.034626 -175.191803 12.735804 58.909248 -232.747144 -203.259114 -136.062629 74.222896 -259.940112 492.977005 -212.734895 -81.196075 386.329984 -509.302036 -33.914782 -492.371101 572.989454 -334.891773 6.110856 -29.093715 363.547201 -113.180030 -66.254188 -106.474208 -17.954262 -62.403549 167.485714 113.812073 -679.343765 124.478700 495.605863 -374.495102
912.237036 -329.930841 587.481837 35.505881 273.315176 325.856969 -753.415330 -82.657730 426.739015 378.592923 -97.040371 -414.259375 -759.577376 -256.783655 -21.754883 193.772217 257.929887 -64.183352 -584.186210 -618.991012 409.721767 132.500317 114.137144 -90.592702 -293.736322 615.414514 300.136239 34.927723 53.361873 4.887434 323.842823 8.120801 -770.577161 143.282383 192.072552 513.695278 -615.635374 84.943193 -288.856471 335.791942 98.350762 -109.746646 13.788155 -559.812557 235.683188 410.989267 -736.166808 -4.745616 -453.242910 -33.190507 -161.118202 28.760634 397.789862 -364.969502 545.100183 -566.664545 172.973404 -422.150026 -49.666749 -79.780170 -16.871579 -325.127722 -223.605747 -7.158353 395.772267 276.541157 -432.836717 411.940354 119.427417 -290.049910 -454.513811 -53.400897 192.675944 267.599213 -92.404523 -900.293961 -129.285002 -148.075487 927.675943 445.734455 331.274435 234.775382 -158.954327 677.673121 -1145.611213 -213.527879 -302.241257 -357.686633 -635.940533 1.669554 362.166802 16.473143 326.618284 -40.406888 223.643275 98.180420 255.162881 92.480566 -276.657649 -571.811858
290.754664 -1.107110 -210.834991 -302.803274 366.784940 -638.450951 -330.606567 -63.522053 -437.118982 141.376832 347.418840 491.912331 84.255339 23.965829 -349.280253 131.532352 27.046986 -204.285192 -275.307974 -224.723449 76.179231 608.109776 -107.442494 -494.312110 362.836615 -159.404802 124.629673 454.873657 -100.966778 63.725838 -189.107615 422.606048 -22.875697 -339.440159 -26.453441 -144.062989 716.658979 226.373034 141.957933 61.426718 297.277875 -9.346003 405.378061 154.292027 151.411736 5.832692 609.592195 104.337095 201.445996 188.905135 -87.722068 -163.761685 430.254791 90.320134 -171.145265 247.316605 643.985433 -118.974126 544.434141 -408.383429 165.969888 -231.485243 59.691810 -513.309285 471.323922 22.323311 174.028255 257.754128 379.725873 203.286933 -153.183440 12.717912 512.847023 -319.143864 460.991697 426.405153 -282.019314 -238.820054 -395.894512 -80.880502 307.712019 3.512467 364.985450 67.240237 -123.523471 292.072938 -84.417970 -7.428768 -136.838271 -98.000001 -171.245377 268.913589 -345.415941 27.833714 -159.201775 -402.782237 31.652408 -48.088471 -110.528025 331.265946
384.329467 -338.386708 -674.404263 201.698941 -570.666385 657.425488 -405.375461 -92.720968 -109.307495 -109.002321 -180.840836 -29.428154 329.489123 -340.890202 -199.276157 -311.203206 -59.417860 669.698271 167.324358 -92.020149 -261.436066 275.727753 337.260287 -75.326036 298.284712 128.053906 -95.012278 412.269071 481.292554 867.662577 -636.727015 276.472564 36.275329 151.973479 94.502404 -17.249875 192.358232 -159.370314 172.533383 831.678799 -440.888558 -185.286811 204.206672 277.860133 12.640965 -273.102938 -244.563960 478.649632 -99.527052 -119.627400 -354.370716 -150.015775 -540.288800 -110.249601 169.274405 299.813815 -21.614952 -195.149327 -792.987104 160.970997 422.482693 -280.567021 -120.305407 5.701023 -114.406153 -172.897523 -66.988235 -100.827718 -411.892540 -94.578434 -39.936382 33.947150 353.903178 365.891479 -79.600602 155.706347 617.772468 139.492186 644.613352 -408.989752 176.958016 -18.131632 -435.381835 -136.956028 279.677091 43.650734 103.186630 589.588729 144.837925 -321.214223 -456.304839 121.352777 294.361241 -313.907607 -14.028292 -390.647569 -250.887408 343.669986 -740.312403 -613.689221
-309.518691 -212.575430 -738.032234 -244.432693 -178.386761 65.017940 110.264290 -189.297123 637.742173 816.296905 -158.461502 -223.265354 -553.262425 190.192072 177.665697 594.109982 703.128905 -360.441685 184.972389 53.637844 -43.345107 -109.294751 -154.279063 -436.517229 66.116912 466.958227 -206.100517 498.773723 -565.719138 10.114376 308.231758 68.534147 -488.553350 -155.744579 541.540524 -310.026781 215.143396 129.385622 486.066254 407.908126 210.608622 71.763763 165.152405 57.421784 29.972478 -464.824177 -430.373411 -28.763113 6.884017 -500.121166 -16.959464 240.693346 269.553847 279.677060 -94.898911 -184.456792 749.370366 -109.684456 14.512371 1041.063528 -12.842999 -380.158216 -337.057254 238.388237 -33.380264 -538.291487 -23.438347 389.135762 391.592701 318.716575 -440.627046 -108.911213 15.229361 835.520626 297.568990 178.077150 -607.713520 -160.804960 198.595520 156.957678 288.565648 153.671482 -299.493861 -32.147287 -136.682370 119.252105 -415.549174 7.737986 -603.212293 -614.544029 72.156967 -463.064623 -30.652862 -494.006558 128.665878 -120.747141 365.380461 -265.290523 -291.907964 -199.392792
-639.076438 -362.518811 302.919944 71.339264 -400.063753 215.193973 -595.809200 222.043826 192.892434 22.030797 -129.284938 283.944811 155.218642 -150.958774 17.521671 -626.988553 -105.552987 368.523059 226.377073 735.949784 -267.355562 311.046386 12.321771 -358.709508 403.020953 380.336728 -189.076116 -328.855412 377.162518 -13.204404 -134.443338 -141.478242 117.304778 332.460717 -261.093638 -346.728081 -569.642085 -457.747412 -242.891203 -33.592833 -8.680295 -510.010522 199.501229 234.398612 -839.799572 -317.538168 150.345943 -300.083879 -238.593039 -16.853487 405.462589 252.884112 -209.407524 -167.902083 -528.204908 177.005685 -196.606197 352.264663 -449.957245 -37.490874 -229.213814 -259.948715 -333.896837 -240.082776 47.187944 -69.819269 -120.925362 -508.768966 1.259571 -40.990114 -457.710925 132.571329 -231.026071 20.140804 797.335510 69.092311 496.133090 -20.445859 -259.039080 115.091422 -60.567637 465.148541 -102.907129 -360.154809 149.465708 -70.296514 13.911849 -367.790991 -11.656724 -108.852933 -455.932190 -369.425569 180.973763 18.131185 -5.006068 25.929047 -273.406188 421.454506 -262.389749 38.667901
-46.690163 -11.314340 -638.181808 30.194328 270.969490 -267.959025 351.870734 392.398521 -487.957801 -278.998239 280.622452 119.087811 -7.651220 -117.989737 6.358347 586.125789 138.796456 -163.226790 545.205472 90.444049 35.662158 76.391995 52.400766 638.413750 44.211672 -833.917074 409.108873 263.071512 -200.263621 212.070061 -424.741614 238.053427 -61.088798 406.302319 294.897598 -390.669097 858.651649 344.708565 486.757448 -174.642820 164.689565 -297.772492 -371.454979 514.677598 -13.152346 520.733550 499.840368 296.525834 457.678906 72.234420 -431.934166 66.894140 -207.928028 -84.995904 322.636081 -51.277109 156.042930 -56.598894 -365.564044 442.163143 315.490289 -378.335747 -128.698286 -250.584086 182.774998 -403.968143 275.723836 376.732924 -345.687003 -160.860825 86.375517 -47.134336 574.183635 -155.439903 -40.604139 -1.625778 -584.287172 -320.671237 -279.941889 -281.434771 144.043724 -168.514694 11.882977 -412.754605 90.055895 -336.297296 305.067266 -49.856613 -283.198336 -189.763541 -213.894774 191.547632 -193.800846 58.111151 290.676174 -270.392406 -305.838803 204.798115 42.627598 242.057193
-570.635777 55.827887 76.196205 496.951209 -107.846105 43.278874 384.679730 481.850867 -148.082953 249.130834 -210.986080 -246.207917 54.433135 395.192732 -650.875015 -382.479646 -7.667998 -7.251889 481.955017 5.238339 -212.684367 -127.393907 -415.365295 75.667067 599.944391 368.627841 -132.702328 -140.338177 264.493060 -224.928244 55.396979 184.759734 661.842924 -198.237063 -70.061719 -8.461215 538.853213 47.374141 259.293371 -144.843756 216.121786 201.841251 291.969074 -350.562158 148.867200 -399.716466 5.429658 195.161068 76.045068 53.092258 229.482795 -89.024473 172.484036 480.554516 498.148227 807.010144 240.251980 -61.916832 -134.193523 366.139475 295.432829 833.653037 396.161471 310.788204 -572.168376 -88.965334 -65.825088 -55.261433 402.724055 608.782445 -371.369526 -55.434787 128.354202 -43.028915 261.612751 -27.477300 141.191789 -343.179774 -165.520166 405.842632 -462.438735 -458.867673 28.380127 -30.145076 -26.159890 -340.352915 -20.620899 -259.493182 -655.266271 229.610148 143.564135 -386.190893 211.193761 246.689126 -677.822491 331.445906 149.565316 -170.918357 381.773747 203.824516
-30.483498 10.481452 727.461844 -277.741501 -391.090545 312.332953 -517.878998 -220.517615 664.820316 -77.631807 -272.570389 279.246931 -502.832691 215.717294 -256.167327 -23.921068 -213.688876 134.708689 40.699905 255.451728 424.707295 88.092435 -124.001052 563.590292 222.534209 -29.094067 -6.445651 34.566187 32.974339 593.779398 -271.149327 -449.731606 501.809995 -213.856404 210.012768 -169.237625 -432.153037 -88.091172 415.555466 -170.515131 184.129900 -646.388613 -263.308456 -48.899438 -613.360863 -223.958928 466.554453 -488.094102 -2.289316 -304.090416 -8.598217 -398.666818 224.288200 -13.529199 -165.995594 -144.682730 -448.856160 -464.059248 -11.223224 162.341870 -262.932115 1.486194 -228.689101 -330.897204 -525.983149 193.325641 513.838121 -163.679705 210.969733 -310.371751 -556.321858 -502.048182 12.059376 -342.593435 -621.793642 -66.080792 -11.702667 -593.496690 -44.389548 7.956639 259.635561 377.481303 86.530610 265.652342 295.582486 -217.553006 -79.318171 32.075731 262.679317 -337.848171 -366.347005 372.364757 489.844523 -373.299096 -49.604430 13.215028 -119.683346 396.726843 207.902011 272.152632
-299.882795 -474.218438 738.424012 -573.099432 424.008801 773.655666 11.387559 -102.437907 -724.096027 578.450731 270.256136 -327.898063 102.023803 382.913017 251.925153 291.656892 -539.416266 -267.082420 -348.769136 -332.049980 -407.288481 654.401476 -375.638200 -59.803535 357.397648 380.927055 480.555740 67.411742 -441.681149 286.002127 -69.736243 -165.093288 -102.523652 190.973601 191.953597 1.954866 -690.149455 262.540968 -479.833286 188.072042 -218.523657 -170.816799 -382.435799 314.053900 -90.953300 197.908744 -95.888861 -16.775027 67.122664 192.497575 -22.486256 509.307722 280.661252 232.040892 -124.481847 217.261115 -239.371392 -688.695633 -290.923389 -369.448528 221.968164 -212.319289 -26.342009 -341.084701 292.764832 15.558607 -193.851540 -96.391343 528.892418 -401.027413 106.645966 80.108862 -49.138411 81.803826 216.674150 -239.176609 161.690539 75.451289 -24.354735 150.426001 -385.375009 256.137419 193.878020 190.005872 -145.294387 -387.785843 220.194799 -453.148836 612.686132 729.843380 145.039695 -264.799040 -0.489181 450.634676 529.735446 261.876286 270.269841 -343.660035 84.358449 -4.149096
348.816155 -283.189204 -439.950194 428.488890 395.323712 -268.570220 277.827428 -367.774831 -373.169424 -169.324365 306.292324 -314.463877 15.779195 305.880907 470.625060 92.016155 489.938082 271.385894 -153.188403 -120.597901 -293.398136 -404.696210 -32.428340 129.697342 -454.068136 71.903883 272.580739 -429.807303 210.466853 -58.090776 -457.229503 124.311246 -555.488768 -550.364815 479.319675 111.919033 165.477078 -114.078192 -274.447010 288.021969 77.124363 210.702159 35.173071 -156.851432 -397.093211 156.634430 -11.367780 127.346229 -481.095726 -187.004680 88.377547 -151.812000 -318.471635 -120.822970 -95.859634 -614.828080 99.701408 338.429786 -120.842758 14.707498 78.747123 -143.295584 520.156533 278.643986 463.007668 99.145307 -355.590619 -629.912033 -146.526215 -220.903616 184.618973 620.724943 231.136618 240.470659 -360.767414 385.004093 -667.921532 55.184397 151.085226 -1066.572448 -137.480393 -208.144545 275.249659 150.014180 -457.565524 893.486334 267.018204 -308.713071 -56.967671 -77.945270 302.437920 -168.463951 -21.249829 430.572588 735.435508 194.800291 113.333406 -782.702596 -233.794445 288.855443
15.372080 55.840273 437.301093 193.092464 -27.470389 91.941833 209.623384 95.529285 13.097300 -277.125460 213.517016 -92.332123 -108.368152 49.185119 -550.021063 -363.157874 14.214839 -10.328948 320.954454 92.625530 45.235701 186.870543 -211.347364 -74.465643 -180.097838 -220.635198 217.210956 472.263056 13.266957 -77.743433 275.319673 -294.817832 496.485518 117.429447 -111.909108 -169.643996 145.970368 -229.649565 -172.977157 -284.441602 -165.320315 -507.157793 391.276410 -351.404253 25.240223 -183.194675 -237.481017 -192.626399 -173.672184 -399.040804 -58.242883 -161.632255 -283.072733 -21.941861 176.138656 -449.469057 -388.178642 -15.235504 -104.196778 -344.239891 306.759135 -87.802712 118.074868 19.530137 244.077725 -554.637636 -325.207442 189.727609 -319.238671 25.764521 -25.845855 414.625221 -68.015597 -532.924628 -11.366399 305.400047 -80.917273 80.772069 -45.140865 50.457583 161.530189 14.572640 6.626844 94.352717 -218.836521 24.112640 47.343338 201.754604 -59.659577 -205.856767 -192.726637 91.137523 -45.298736 -139.647859 -581.816243 -634.822461 -280.808613 245.187704 -43.202958 117.098691
157.383592 528.923551 344.384536 -194.901559 -305.662010 351.709930 792.498410 -84.848107 318.431553 28.620939 -316.789609 -563.362995 608.776191 69.881344 -231.511394 -389.696984 -461.169388 256.363484 -342.413485 370.390554 519.900060 394.355330 379.091359 -577.063844 -194.517410 136.797405 -235.833233 2.127524 -261.013658 375.986061 363.096181 111.478195 481.371474 -557.596203 -22.448938 26.893149 192.506842 -665.411152 8.914005 -308.727834 99.606372 186.125946 52.901057 -717.125685 -131.564218 -202.370319 37.734619 106.287997 405.490938 157.365227 372.730270 -70.251743 244.069981 -18.603648 39.419341 361.110848 -790.387090 292.033498 -912.891680 -488.652756 -260.115082 -548.471182 289.733545 -907.970873 -317.793900 84.957119 136.867261 -569.442159 100.310896 36.890297 108.332073 260.124306 -151.302722 -557.916217 236.160726 986.323517 -78.688585 -239.541267 -25.069512 -136.628915 -85.514325 79.172703 662.046099 -60.072396 411.061802 605.794256 -155.871089 -104.067696 595.847453 -353.880170 -172.026395 -151.180259 -165.257487 115.458536 459.073500 18.212743 23.340720 235.676484 139.199451 -190.697318
180.782250 -237.303430 374.987959 -407.717741 68.103279 -460.069592 353.062801 204.825960 70.000135 -301.378324 -107.972781 196.236366 -488.045070 -386.251869 -209.751164 120.240440 -311.357344 238.043302 725.646891 630.672895 256.276384 318.481786 354.976956 492.076828 -790.434322 -102.178192 -500.089642 -151.384379 133.360602 -218.554506 -172.883428 386.706331 143.608049 81.012073 -934.237601 252.956291 193.520707 428.165141 739.547500 -66.433837 243.570152 -45.649781 651.461323 92.461071 -830.997599 -254.400390 -383.967428 -224.241817 19.506987 -182.269942 372.008943 -48.742681 182.613907 -233.796067 462.328598 669.139070 -179.948192 222.203870 -7.722449 310.509565 -285.791045 17.169058 -5.999295 -403.247135 -270.908494 -100.776385 338.619941 -70.207036 -85.197864 76.883233 -472.268536 73.437551 416.899472 -588.366094 121.923523 -363.406891 112.457561 -157.732292 -524.218484 377.763989 -1033.132585 -250.292307 -5.152138 -258.439773 -431.754131 -186.208917 -216.995570 -198.493823 -361.491592 49.119725 167.924322 242.886730 137.419535 192.045540 -511.747728 41.640356 44.939139 -706.513405 347.982545 -96.861505
-59.116035 -183.933715 63.307154 -220.774534 458.497652 153.860499 -134.737308 -294.803962 302.750461 154.371061 -164.826213 -263.611471 -177.278979 -435.127953 -56.294059 474.553360 86.010797 -17.607038 147.481068 -241.612609 -169.272554 -132.660421 -349.851214 -225.471300 -133.784030 242.760774 96.750463 -24.568554 -218.296112 -299.047322 578.565267 -712.178568 -484.663404 476.432210 556.247478 -847.781555 -260.301443 201.969410 -120.451602 215.627510 -230.545597 421.136939 -147.174760 -179.386528 -916.982480 -29.806180 621.693803 -350.428488 193.536734 267.827181 -180.597938 40.272429 240.993860 -368.954975 19.309014 -757.291239 -121.898359 -232.995303 480.882304 317.023212 -232.751889 -356.774810 -6.823909 -38.871104 26.934294 -136.983829 -193.357910 71.051233 -259.411421 13.291851 -361.979135 143.543953 315.124483 422.764223 61.714849 111.845601 -153.913631 212.604401 -258.679454 -137.363177 -94.261723 229.570639 -20.205331 -153.119083 -239.215113 -531.347966 -262.775140 253.909531 -181.468501 -137.609709 -1.786281 610.004064 27.882208 -226.568530 -239.940290 -18.947421 52.169767 -375.326503 484.162112 217.607096
19.091356 80.478241 -666.410720 -18.777010 140.759978 -315.981848 -615.453247 -130.774157 424.266292 179.995714 -1.460634 240.108856 402.731157 41.597362 3.786764 -146.610517 209.801148 35.453789 237.971596 -320.644246 244.100285 -398.286064 -141.667386 -282.080352 423.213119 -160.339448 272.478464 -364.894290 13.391215 -154.561843 234.374060 -111.461428 -235.703824 89.305559 394.503721 475.746030 107.525246 409.952807 -226.242858 -400.741484 -165.254789 130.787056 -162.985532 50.366532 39.824903 -34.778207 126.936357 51.426882 169.800425 -253.800995 238.380359 -56.715836 567.217686 215.264894 -303.146712 207.373907 -63.258789 -46.633403 33.640966 488.250762 -73.328545 255.063918 -230.001629 -324.987355 -249.285439 360.534864 544.037388 -293.395616 227.572881 125.604531 81.796303 -521.822724 294.993620 -169.157871 443.273893 300.178209 746.136157 -68.261218 -138.827883 -776.037138 373.726833 156.664275 205.612699 -108.069734 235.272070 190.778987 -248.373470 256.353101 -96.237594 125.467640 195.568678 195.336017 -60.710402 16.466484 -261.571201 717.092599 -188.350770 27.839570 -29.811300 -170.390486
34.610091 -120.849615 360.719284 -377.507047 -213.759586 405.791339 168.543546 -411.660689 -402.667940 149.769139 -767.333108 191.227291 343.867200 -341.254763 -459.457837 -239.095872 -203.242586 53.025752 156.714178 523.363966 -269.972262 -448.414389 365.205545 231.685448 139.623026 519.050637 -329.897115 213.888264 -48.327265 308.516617 111.061214 284.128407 495.897854 -74.890932 108.277117 -56.038699 -406.547488 30.821474 312.263089 -243.880447 -180.479328 -45.404362 454.279413 123.601913 -199.132763 -35.814614 -121.047010 -114.942541 211.177866 441.057200 113.900436 468.259895 57.793016 158.363533 -394.053712 163.373627 243.483261 116.041416 -551.524547 -144.262375 178.951123 -150.077877 -158.681846 10.119918 429.418166 -38.851568 62.058984 76.721572 209.466592 97.827082 -273.809100 492.015922 -255.942572 38.706855 163.068601 -36.532317 -21.203636 235.096464 -568.803135 390.750555 -499.773907 -106.469492 -180.089153 -283.577559 -262.178976 -163.583433 -56.501267 -335.195974 444.007295 -12.622765 -141.901863 240.707364 -573.258107 -43.937867 207.996679 269.867746 20.961874 266.425858 -97.095364 87.073066
-219.379518 -260.901421 -301.144047 314.150553 621.388551 23.581702 315.921849 299.549434 -138.530755 -130.527350 212.321340 -279.046314 39.850480 11.556787 -326.695014 -605.751368 116.740237 -244.157500 -482.232159 -441.060695 5.737430 -22.595454 -166.230839 40.961026 206.472273 454.552409 -354.378053 -122.962767 -40.982610 -97.038533 171.138280 186.107790 16.411483 -252.949581 -167.969673 -259.648421 136.340296 -68.811655 -207.824943 150.662802 -392.430645 390.601959 -155.491804 361.887581 64.556767 -64.175784 87.568123 18.635972 290.785072 143.089850 286.474388 325.439219 -218.306698 162.823109 39.688978 72.678552 395.501097 -200.662188 -50.847941 -77.070839 -25.483433 -376.525562 466.484647 -78.214260 -270.387149 395.456987 199.933937 -160.844582 -231.785570 -315.787035 14.157117 -160.395887 139.175292 -365.746733 73.317852 -341.472274 271.508383 -176.970030 272.490104 -31.948506 -302.557856 -361.510902 58.922600 169.282618 725.615103 124.387743 86.321721 331.410009 -153.569565 282.305491 160.518513 214.861759 80.447927 6.489762 -499.360906 76.005592 -239.515482 196.611777 139.182561 -533.116252
-351.285200 -180.244996 265.311283 -368.922963 -111.335325 243.229378 92.593421 741.106356 127.089392 -126.902144 -346.939455 -98.391793 -139.141959 54.581254 -107.896691 -120.151983 102.770049 43.826166 35.242823 -109.108574 -441.634440 194.470121 63.528969 241.832087 211.630282 331.432866 -493.364395 913.264859 353.645797 38.459965 257.517602 51.280299 -306.918903 351.532892 -511.620537 295.110212 -317.119871 -0.696398 -11.578796 54.154020 147.089239 417.737154 270.454640 181.384130 -119.752091 12.499576 -662.859274 339.128138 329.191266 -94.597480 272.957005 87.429714 6.917103 349.466730 103.350193 638.608291 398.003921 -65.475904 -6.311454 338.721158 348.063465 249.957873 66.446478 459.712884 53.318020 -22.966865 208.457733 103.197830 299.197774 298.976388 -202.029001 -102.343518 252.907993 388.499318 396.867591 -691.387783 145.510141 321.100464 -296.058511 331.942235 -367.862271 -451.325577 -711.475248 22.731497 -231.537016 39.913109 62.405722 686.308564 452.283431 344.863508 298.635400 4.687552 105.869771 119.674621 -229.972366 133.065073 268.825415 -316.344253 -148.992936 514.723786
122.982461 102.601131 -207.650363 453.463733 -17.007356 -178.218004 -148.687641 564.420682 265.861687 289.418426 -37.089148 -101.006170 -22.882268 -201.575998 -159.611006 -199.448532 163.135756 102.201877 532.575168 249.398736 202.691883 285.293991 364.185235 -91.826465 610.718927 487.437595 268.141380 -206.344065 224.591122 398.156739 212.694821 -322.454288 -306.268456 -90.329828 -218.345044 -35.298595 144.557451 -441.519596 -94.399864 149.447291 -295.796795 -194.577811 -405.307072 -405.738019 -288.183633 82.966572 175.597213 -41.141489 -214.796236 230.091797 294.072306 412.795195 270.708167 -132.586007 474.438124 -70.682679 -199.341171 -38.481699 -595.249496 224.467830 2.838207 -256.251283 -273.704446 -98.463932 -414.705942 -342.447314 376.089064 415.937663 454.814417 -8.171259 -231.153051 155.582491 86.021524 122.118261 200.850642 -400.386786 -30.230857 76.422979 -17.735896 -412.880485 464.264014 306.446789 -144.642312 -136.749691 -151.151597 -466.137771 -542.423163 292.830273 81.815014 219.777986 -70.641913 -349.879587 177.906517 236.939124 -229.483086 176.138928 44.548342 -126.983619 -26.489519 -346.979722
-351.400255 -156.872797 -142.700335 -106.450631 -164.174158 218.829835 -315.475889 414.884402 238.037875 372.559406 21.912869 -249.910095 419.189416 -390.208412 -395.275184 -401.821214 -138.090083 148.909804 195.244871 -619.657853 564.326659 295.873406 134.808921 278.413572 271.524543 -76.747783 633.870655 155.849496 196.593052 199.082398 506.353591 -214.063868 96.797286 46.706333 82.564904 68.867610 8.995249 -137.562952 -48.772306 345.239670 -323.300443 -47.302949 -104.713499 16.322814 370.714523 -303.304793 538.305624 373.566921 69.758311 246.699864 -102.750948 96.281907 246.767763 -557.240014 346.004538 -432.327173 -41.698668 -9.509867 -481.087337 255.660126 411.213130 -908.360929 94.989574 -176.332151 -399.449875 -204.840033 697.362996 669.563094 -117.830136 387.730852 -464.647216 -21.302918 -18.054525 -182.210062 -196.278809 397.645147 -176.933915 -95.876941 -38.670647 46.411063 150.673230 111.886914 668.414261 -47.375424 521.232255 360.976080 -448.078819 274.365867 199.433269 -356.564582 109.782029 167.036887 -48.679616 143.032869 -615.818422 63.048969 -393.491889 377.034661 -63.931185 -422.659966
-265.732125 178.747112 -377.725226 -503.324423 -7.618758 436.682008 -106.301717 227.497032 -882.200291 321.507175 98.228892 -335.699448 573.998576 142.298331 -517.680200 -361.173671 165.547985 -62.760188 -305.690536 -161.809514 -443.479542 136.201010 -111.417670 -127.514785 237.746358 353.061964 -198.027550 167.271611 140.327669 324.923048 243.806667 -427.876343 581.400392 -195.660301 -169.957477 -328.291329 293.249619 -373.996282 -22.015433 342.001876 88.032697 79.917853 -369.416149 304.776275 239.966774 -262.663064 545.709311 -272.649508 -16.126897 -23.878796 9.720960 243.059024 -123.777484 457.315870 -43.669843 -78.974489 175.756784 -29.117382 183.643027 0.434912 122.679565 -336.116414 269.038578 218.970654 -305.596325 -45.462507 -256.903006 -35.737350 248.645430 94.242411 -136.747614 -380.910892 330.674441 -228.241674 357.311906 573.982307 -278.380834 397.477814 279.252773 167.720648 672.435587 -262.881635 214.014771 -228.415102 118.149236 383.466999 384.477872 126.960427 95.795858 -299.524938 163.768463 65.678876 182.756828 3.718039 295.329528 -202.868447 451.023545 214.777233 173.559323 -308.283582
309.531227 742.227387 30.438935 322.964214 611.227591 1.480384 172.980524 224.510115 295.130958 275.270257 40.091691 -58.332403 124.592071 -275.258799 183.024490 141.586361 195.643955 41.075040 -447.105964 301.816706 -321.592605 -440.299296 201.400094 -281.422575 200.089855 -661.334160 -7.675350 -607.291135 -45.952088 83.158005 -653.433343 97.981847 -236.999581 444.814962 39.011871 -216.397866 30.899435 -169.571304 -490.332403 -140.602325 -672.519125 143.324263 4.576419 73.504332 -527.987785 218.155482 -98.239594 274.956483 394.480840 170.423269 -476.346815 -218.313295 -109.020315 -704.899508 -200.978560 285.934582 520.725860 87.840191 393.261798 -451.852639 210.139082 -327.772238 -551.692328 -619.440916 444.064440 440.611377 -222.576910 103.648567 -216.461021 -263.514207 428.655723 -436.364881 -359.343637 722.767903 422.198613 648.676775 -196.449342 209.167634 -288.403929 -524.651514 617.470695 -143.464954 280.661479 88.218163 213.555026 -207.043873 -54.163039 4.917150 656.096771 -279.172817 -326.223939 378.668194 -267.957115 -277.909973 -48.057062 -73.729793 -253.211788 331.764398 95.477317 -35.813819
-72.277842 328.133382 -790.988073 84.558231 -123.528458 -764.820439 441.235881 299.762486 495.910867 637.138769 128.196930 -4.875587 -233.203211 14.293762 455.823739 31.116740 78.012731 -508.932337 -191.815763 -700.719778 -442.956209 -156.805586 206.787653 -270.836586 205.865572 -63.042880 130.734868 -61.372908 -99.847659 -357.411693 -130.140565 -150.220616 -690.997027 226.791478 73.386514 207.796979 200.988811 -263.665966 -242.751995 -25.210957 774.191094 277.655067 364.109362 230.043601 195.632146 -366.178977 -195.807399 67.223005 677.318513 -238.604463 135.979730 612.023512 552.081195 281.987570 -145.146604 55.537048 632.725120 -330.144253 591.366726 -32.367803 -176.998389 -194.646353 123.436935 46.645864 -98.777094 -344.139056 79.929377 270.777462 268.865341 -5.006659 312.080229 -247.423775 236.787520 -45.432998 503.469361 -281.674197 277.752906 -55.554788 693.624145 -223.966783 291.527920 -181.478680 516.826933 165.002689 55.291966 -315.934334 -13.404692 32.835140 -275.708802 -120.345265 -53.833287 -550.541753 -47.157046 -276.908175 -217.886112 298.323756 262.061980 -79.601622 -201.232583 -424.022931
-531.281519 -27.116552 -149.567851 274.656920 -353.538069 -10.615609 288.612026 -183.129784 524.685819 463.343175 -520.821300 369.969254 -202.182937 378.002117 -12.493977 -288.304206 -180.785906 -453.517073 -375.706026 101.432077 -93.834479 104.092920 22.917602 -79.909885 -43.295130 -538.364139 -300.002443 224.555864 -163.904118 5.914614 34.927720 497.488333 -105.344517 -223.761878 -541.028705 -218.801913 -163.802035 -388.636643 275.795100 -48.643093 429.463588 537.587138 -173.822425 -169.249527 76.997668 -537.533492 -197.991678 -333.867675 507.957650 -155.797310 111.757072 230.715916 -304.666967 147.131319 -32.682676 140.092895 25.913963 -473.636253 -118.860469 -46.240757 11.054460 36.548457 -415.724725 488.856792 -265.476084 -334.889714 34.680726 425.292850 390.618497 312.459135 60.373989 -313.875663 -404.955328 -656.467889 360.561260 -87.602807 185.922920 -44.885052 54.351619 -222.738410 -156.428327 -240.538513 69.506905 -68.169409 283.814103 -100.894812 467.529237 -36.254895 -20.718742 -327.850700 28.046894 -59.519318 -27.388135 382.137635 -126.880242 336.008492 155.597182 -172.784972 -287.482844 158.621872
-328.981365 245.765119 -464.175478 514.908455 -292.861906 -257.038572 62.718730 2.256756 -518.251380 62.885702 -50.568862 -275.373182 -569.375789 -4.772400 199.249177 220.251754 -124.529603 -728.096193 622.205603 482.161163 223.923671 294.506969 184.664081 114.597764 -53.149612 -13.495833 236.840002 73.083978 -293.858589 572.239873 155.483085 -89.806182 -342.237319 -132.239209 -753.934682 101.892713 -179.204679 -160.364048 -372.537969 104.522961 306.203838 87.629346 -217.709240 -137.087680 -41.230309 730.024160 414.970363 190.323021 284.005374 -94.396518 700.385086 156.769017 474.302066 -190.077207 -99.702470 -261.141378 -22.880963 -274.149164 -228.649127 79.828014 -1.279677 -441.318465 480.069855 -160.218380 263.698997 -95.236185 182.955763 224.890202 218.331581 70.149556 -165.360043 285.193323 265.441257 -514.821178 305.904594 -7.861802 -446.222397 -256.386772 -184.634817 -670.729040 -144.702813 -175.852699 118.286946 -364.002260 -7.710161 724.741174 65.947388 -301.499591 -74.518177 123.110322 257.647359 -515.721529 205.347211 189.176029 -194.902738 77.062602 47.876324 130.415113 85.253207 522.118534
346.939703 -148.069682 -925.369795 -358.566205 34.079351 -378.749694 -292.358157 -105.893771 -257.204971 90.149232 603.269713 -14.513315 138.052002 92.172520 -321.867601 -82.966159 -138.268198 -144.370956 264.222607 42.119259 64.960320 542.008768 441.971341 757.561546 261.414971 -8.539016 726.253841 372.325399 244.998932 484.326426 -106.692565 -737.043590 -329.605098 84.426727 199.988295 -299.591609 502.196686 44.619505 -343.649569 -206.761505 -123.569955 -275.405975 -273.225809 -54.822257 20.485510 16.765971 355.325177 347.600191 720.428257 -310.837909 -124.312128 40.572248 475.971122 704.684775 58.715894 102.297040 -230.863654 -324.532706 -354.393632 78.208925 -273.285268 19.755894 -431.783437 55.860203 664.462540 260.787085 160.682991 -494.036798 -348.607553 -294.420483 -211.764219 -91.640881 110.777673 272.255027 -405.031437 -177.881644 133.944969 -662.420749 402.309320 -245.428129 627.450594 169.080352 469.285878 255.877146 315.583513 63.766101 520.332150 191.949342 182.723110 -163.131630 -206.544036 -436.221821 -98.139848 104.182813 -64.648073 -10.853549 -257.556010 -241.138255 -183.152462 -484.724716
45.011787 -101.707601 398.866077 -279.311359 579.736478 120.821575 -79.798820 203.201626 208.841017 153.563843 456.324814 -164.096380 -101.543561 335.835412 616.886297 -134.386360 225.510004 -254.769201 -450.954265 -384.977500 -194.408907 269.161159 -141.292016 -432.535024 -8.847947 -111.695437 -525.735565 446.330643 -303.697716 91.494520 663.153328 443.530921 -84.716233 117.353822 -172.884952 -89.259807 -167.560735 223.137820 -351.626388 -195.994892 -33.351251 337.164436 -52.630478 -108.327250 575.726716 56.250518 -351.164286 74.238383 140.011240 -628.182047 -165.374474 -316.558705 -353.083045 449.895868 -219.131818 -43.395875 -136.048787 -48.547588 -151.566074 -363.302478 403.987413 -566.378359 -272.895970 8.384817 -90.201689 -185.649993 34.300270 661.960743 144.844984 -202.520841 459.575670 -587.492131 -538.964952 30.191032 -332.902023 -509.373422 -275.258814 321.987160 96.064194 175.609942 -74.672555 633.367264 41.771651 -205.333452 -922.188740 -472.113222 -176.722182 452.916637 4.201632 -573.998789 -89.877075 -33.872770 6.384750 12.189253 -23.972410 -617.992435 221.998901 -122.621673 352.816173 209.778122
-312.002960 319.410267 182.967547 37.712305 -355.967221 495.112671 790.670828 835.831955 -259.821015 589.471925 -59.862473 445.690463 192.744759 582.316183 -39.734097 -446.490733 -42.786522 316.599991 -284.509914 -61.798423 -401.304734 -259.477827 -168.756025 -778.721379 -127.258684 -99.945570 -97.116249 491.113889 -245.085533 -278.210609 404.064258 -269.700937 -59.224156 -42.970204 197.939191 -97.379509 87.525644 -402.029010 449.069096 -198.415080 176.442633 82.995062 -67.453868 -208.861008 123.320592 -597.234566 76.712599 112.207919 222.860168 -429.666746 138.345862 -34.642703 -240.745698 550.033376 212.773312 439.219453 -337.324678 -154.988000 -537.336470 243.731913 -161.624027 -710.888733 33.191381 -99.833384 16.448850 -334.015485 401.602709 250.043022 245.347196 124.641018 275.078541 -117.861885 -124.652989 106.019372 207.545764 337.517997 264.233601 133.358200 50.122982 -689.061880 62.438286 -336.369340 673.747942 -462.598094 166.125260 244.289456 100.006608 241.276027 297.129355 -256.847455 -258.587463 -351.185196 240.459938 -22.362971 33.629520 24.573448 -344.571709 -38.854137 -194.298236 266.614802
203.674655 -57.523026 625.653167 762.439954 138.194356 -82.856068 -107.041144 -3.472799 423.565453 -686.955411 -167.296216 -265.196643 -667.490435 -258.054465 -135.813769 -448.246742 8.795911 74.993537 43.365803 588.781405 574.999140 0.665217 1062.617619 952.942846 5.777663 -102.745066 -379.380202 -304.196425 315.560700 724.414123 96.493662 90.423476 226.757878 1056.199434 -123.653355 222.018220 -444.888293 238.942844 -268.564861 4.915454 -115.125851 115.749692 -242.824088 -69.083084 -285.544966 -6.461942 -232.306938 183.148850 501.624322 266.083847 582.159892 -619.689062 213.123613 -235.360396 -681.318676 -149.904434 -113.221456 -135.297568 -239.155450 -22.810842 96.048170 354.774550 -253.802521 -529.690194 -4.348297 291.570494 -465.194621 153.950362 -604.319298 -339.174501 111.598274 -705.340546 231.743210 -482.888538 128.877294 -291.132073 534.600983 -125.360818 79.625835 139.604430 -546.917045 -130.596490 -321.495962 124.883282 -40.133265 -498.791971 -192.646195 -246.607372 194.670246 282.614554 138.078839 9.806093 589.983782 19.051901 -826.817111 30.408462 -280.152455 582.393884 152.293661 -144.171592
85.000647 -289.565647 312.089202 -128.317450 -325.320583 355.566466 231.331582 -540.768574 5.546107 276.970749 -452.463511 504.496744 -464.850187 -96.578347 -107.151498 582.254371 378.991740 276.313505 -76.368598 -262.863642 -355.638089 218.233836 -101.160990 -254.558820 186.803845 176.322506 361.335906 17.781451 -19.538161 155.253568 -134.862341 554.736034 371.488566 -64.189088 -78.382427 223.486864 -142.786691 -676.618731 -1.585924 254.769012 353.026354 35.066097 0.330381 244.457550 -198.211996 -53.967736 -85.456672 -337.319115 -5.874299 -66.178905 -483.170991 -278.191113 485.499739 35.887515 346.783912 -229.837763 -128.507407 -304.269957 -241.774383 -122.356836 240.340640 -294.029369 -106.455065 218.940586 -280.773341 -433.765448 24.121005 157.641370 -224.772018 189.689122 117.841486 -228.945749 262.769919 99.245248 -266.335753 449.488750 -18.403452 5.359511 308.371436 275.610633 322.967810 284.201679 -118.342476 495.422730 -378.532344 -162.937627 -414.675206 -259.472541 45.858919 -24.748209 77.792576 278.123813 -177.980964 -221.750679 56.398308 302.176585 -75.478981 -40.749740 176.126845 -463.021597
421.445229 430.961106 -230.651971 510.880934 154.869445 -81.345284 -582.293756 -136.885188 56.748469 81.889795 4.764583 -163.365936 195.746333 -154.726154 -139.366686 285.989738 -43.725518 196.623635 85.966690 58.106827 217.385011 -251.634041 -167.601358 46.543547 239.968399 126.833306 41.312902 422.175469 423.654680 -1.430447 534.315254 -114.002550 622.657281 -63.268685 507.682286 158.482002 386.921248 418.387053 51.989472 -102.150303 -254.586445 -157.061657 -5.244417 -140.436806 455.932549 386.407979 -293.254477 295.344797 -342.216800 357.279704 -70.346593 169.608891 -38.690695 43.751373 280.195719 -41.574298 110.597472 163.581819 -168.777842 145.951627 225.082256 309.761640 -142.402690 211.359300 -322.760154 23.562690 -15.807125 341.268206 -70.284337 -49.325657 -288.683684 -381.993473 -269.048862 497.471216 571.702916 -70.420050 -49.465632 -198.350302 163.042545 -282.239504 500.488524 67.296527 -232.103261 232.685510 -12.563245 -335.529938 40.000341 366.473467 -331.463894 -245.534081 318.903555 215.020056 18.091934 -169.106784 187.681064 32.269158 322.483931 507.449488 -82.051637 -164.318123
374.342832 -259.779610 -221.252681 306.373480 -155.985139 603.222679 -192.178052 96.310749 279.187810 286.820644 164.908101 139.649299 49.811380 -230.827145 -266.818042 26.965534 -160.858012 520.246735 -222.209402 -354.911199 474.976078 -39.275670 -74.772777 7.256952 832.582806 -899.305235 413.018538 -304.245168 186.365300 302.596063 743.653032 -78.971831 -197.156941 -334.465446 436.664235 533.279671 57.861753 211.562583 -42.294828 129.158087 -265.030880 -3.955663 -721.053977 103.926212 143.332202 -449.800112 812.985392 262.341293 -469.729995 -49.816709 -418.705415 -229.138328 -45.948654 -157.875237 370.598873 -636.055240 109.508002 485.137298 -249.419884 447.714877 73.163343 -520.438964 -714.194339 -211.647801 -174.718907 -356.817402 541.889014 859.087729 -219.783502 -69.173602 -20.084950 -821.692611 -10.446947 -232.280984 -417.464296 14.632177 -212.343098 38.980430 145.306400 -2.208207 449.780357 125.191141 -30.466872 293.016498 298.871649 -376.521647 212.030686 435.223697 96.172269 -479.490822 192.128057 -254.795055 408.429332 407.123776 -273.402824 -576.638735 -262.382536 409.900928 -177.419023 -251.504843
-61.618461 -131.936186 114.823815 -22.681483 -603.147510 43.461363 166.109687 476.977447 54.017459 315.437301 -636.148936 -152.490243 376.615760 225.302620 120.157570 -426.067293 -592.703827 211.628719 -461.289226 -243.589474 135.517759 -82.455373 327.127081 -123.144168 123.471546 358.483218 -181.141780 479.104357 67.640508 256.247637 185.169574 -401.914744 65.948302 -4.153291 -386.980955 -120.884784 267.908088 -29.226442 168.661626 926.887311 -392.995932 243.232937 -97.487701 212.408554 -22.663730 -300.479811 138.717489 -281.400316 182.980694 650.443888 412.451118 229.582511 -254.397288 -388.586534 123.878335 209.679022 138.367811 -179.284478 -354.647214 -326.510742 -222.491373 -437.876894 13.973539 -317.999199 -356.425508 -446.248474 511.262045 -48.786790 171.270862 -203.137588 282.382885 180.715260 -107.394938 189.938455 -350.619304 209.909117 -43.969054 44.572442 624.539386 2.827836 -524.974867 93.794277 127.316144 -619.352610 115.339857 134.508948 -192.061018 137.106710 140.458503 336.521025 -69.713752 -17.066792 288.047637 19.430615 427.034348 -15.420372 418.794945 -406.166097 88.702939 -32.732858
189.554027 -244.415134 12.413053 -262.250150 217.965103 -126.186918 277.510542 155.335823 79.805086 138.086641 174.022049 655.882246 337.746372 274.166124 -131.708533 -132.114913 111.137868 -308.941047 33.735001 -124.178099 -101.264892 -491.424040 -75.096380 70.595576 -296.678135 -354.621512 64.548220 18.410725 167.201134 -412.443971 -233.316538 211.323588 140.525591 -629.915105 -34.844376 110.034669 -667.030789 179.264941 -451.687862 -131.069141 110.484991 119.401899 -35.881453 -210.391143 74.199407 -17.635236 -322.488343 272.538790 -378.408480 -527.733430 222.403404 -62.102194 -26.838615 -261.769787 87.950740 -256.883595 -149.924037 -221.779465 -636.465412 -337.598380 -427.213446 43.315080 509.861243 86.000105 155.942022 857.698000 -57.006104 174.943997 -241.415441 294.518117 364.916555 -55.580097 -352.888542 -474.429859 -122.244824 -141.743512 524.066996 -323.423977 172.007973 -249.765592 -487.527103 -801.240511 342.566498 74.592975 -20.706636 347.407772 268.046706 612.000865 -428.024678 -53.458676 -461.536175 550.073164 -394.998099 -91.401974 -294.814291 -41.459419 534.416076 -370.684205 -500.099967 -483.533922
603.468728 -124.527475 86.187948 -123.074005 -152.797819 323.381343 -238.481788 -27.550022 -134.818582 281.037565 -36.705262 -498.400432 23.578947 -144.316771 118.940450 442.210843 -757.136412 121.294058 -457.398618 226.183855 154.713786 96.914090 499.368785 -102.737704 178.990445 146.371479 58.746982 350.783214 988.941133 1145.849342 94.268027 92.934048 -75.553283 29.743815 105.276763 260.853308 233.148933 466.882983 227.484073 80.973781 7.894233 182.825819 22.022771 -192.615633 -98.770719 322.625908 -50.052456 158.589589 -365.509744 302.705188 254.603742 404.185588 -439.695945 -149.911632 -18.627066 -112.602526 -193.082780 378.300934 282.352399 -469.893155 295.801548 -187.601347 -13.133074 -287.045657 164.326545 -88.664639 -555.305159 814.213545 188.093287 -263.247144 -805.043585 41.770407 -72.214731 4.320610 166.775661 16.473600 -160.668879 305.507629 688.196798 -182.300023 576.470927 -103.949238 -200.127918 8.795051 362.683883 -123.146557 -149.202534 -397.934950 120.067147 -266.210289 580.284537 263.915038 292.256059 195.103603 -163.613777 -881.269361 275.807012 826.128735 78.671941 676.160841
-534.087988 -46.277278 -330.944262 -226.606425 65.604520 12.292545 292.463127 -4.839804 -90.331191 -196.755556 70.455331 216.285003 421.955826 -54.568475 454.866544 -68.040478 251.237416 2.199470 -262.030868 -256.269244 -403.572466 342.418575 -732.183502 -346.439298 135.710980 -127.058595 324.734942 211.651478 406.887166 -440.271480 -171.438799 -334.821470 -55.531326 -223.646381 -184.576934 -106.750984 -257.095289 -220.310477 113.412141 -64.700972 -415.710294 279.117485 -101.379502 468.083415 459.179425 -70.111535 -20.616321 490.499056 -132.231515 -473.534746 -289.070518 -516.408054 -336.990935 -184.748973 818.567807 -463.243740 290.193843 26.748628 105.105503 102.521218 -210.192043 307.768043 293.374045 355.791580 -142.337220 86.392164 357.494853 239.146837 60.838942 -542.552227 310.796201 5.293475 -419.274195 -284.468903 -82.984200 -89.416730 -446.315009 -298.191651 87.377493 -555.817584 -24.875432 -395.330653 312.559403 64.751076 620.110730 602.060236 512.806803 -84.557728 328.200108 163.502489 263.195538 -279.163109 -394.725124 -159.905700 -36.807661 249.055128 -236.100121 -276.264492 162.928856 -846.688472
609.585889 122.433207 -429.923492 345.312005 -243.146918 -89.507053 389.791117 -112.800793 471.639894 -247.284625 -249.083712 -19.401308 179.823966 30.945169 219.014623 -477.423128 -317.933830 -375.190463 445.450718 -313.575664 -219.192627 -97.243645 -443.511699 307.913093 511.725158 565.448635 -235.072196 420.284697 482.338449 15.557785 134.653665 260.197091 -294.134484 66.538115 -58.103568 419.561046 -546.508952 -512.287955 201.139415 579.589294 -316.614161 223.927294 240.410351 107.482237 184.555699 170.433988 191.634984 452.395072 305.967826 -380.613277 82.109474 -7.861385 -209.244859 340.465187 -297.065113 351.781949 511.686713 -344.685016 -236.197537 -95.101054 -44.256318 283.058469 301.614426 676.126733 293.066801 -120.492883 -214.964364 -548.070485 373.121531 -301.746171 71.080321 32.886929 -165.735051 -388.101195 375.861932 -542.535558 26.537204 -267.228923 864.765440 -123.061984 -320.208164 -128.615400 72.283053 371.014822 -324.590556 281.865218 543.486062 400.353147 -48.542217 -220.403499 294.481841 -262.094131 167.107752 330.685019 253.664390 -33.693518 229.696939 -215.826625 -227.812869 -126.638435
39.740970 288.666883 875.076620 -352.503270 179.632830 251.092584 -642.898245 40.289384 -160.440243 -36.886955 -56.550752 84.754078 -236.825594 -60.091770 -311.491926 31.582115 -254.048202 284.576955 219.392132 45.374078 -146.785942 139.183241 -270.307408 -60.186635 -442.356313 147.274965 138.031337 323.086239 -413.800970 -122.380368 -276.061472 -211.722825 269.706290 -47.358393 -12.485975 516.316957 -162.734438 -5.054095 445.010464 11.510373 -107.947391 -353.891625 -157.948668 -148.256929 -23.419885 -675.000099 156.480202 215.523930 99.617560 420.850357 169.600659 357.440244 241.531116 -357.927218 -109.217482 -54.608409 -247.844066 23.314231 264.979775 -87.347658 -529.564236 -5.793812 -148.240309 -245.977909 -174.379858 305.126942 405.018002 355.742866 102.762609 115.416401 -261.886767 216.030260 -216.529935 -278.554895 -55.542511 458.266613 312.677019 -57.963518 -217.504867 1090.274514 -552.381987 -305.004368 29.526087 5.308256 -12.847377 384.672573 -344.548395 392.682537 194.669114 45.687194 -689.080203 499.027171 -74.334820 499.160186 -0.097742 -55.849842 298.043679 98.172481 621.643458 446.033678
266.840084 -452.504766 282.059619 106.273172 365.440465 -131.966897 139.173193 52.856137 261.761421 -255.806729 161.311713 -200.430196 -153.023974 -494.744524 -686.196117 -122.479368 5.183557 454.223334 -3.655927 -966.350572 138.051634 338.329775 -451.113212 -304.462206 -513.687167 36.877558 110.858893 -253.079724 106.239298 -269.549711 180.211481 232.852755 -685.550428 241.398531 -328.201094 -236.436044 -267.984761 146.101283 -182.674011 -122.051252 195.964181 146.256717 -233.666016 59.790770 -194.099501 248.461640 -693.650299 187.684579 -313.334832 308.493921 3.068932 -260.822689 393.622613 -14.523446 -282.454181 82.733612 -269.711131 -33.338664 -30.681209 390.426735 73.812784 -101.020506 126.629414 -493.083372 -93.562873 -420.643462 -116.628920 178.048395 361.040146 327.168990 -420.700051 454.421149 548.544920 41.224951 909.540386 141.562211 -240.649856 54.355946 -321.766653 -252.198832 178.274158 259.074415 185.464488 -306.770857 74.137619 54.373158 -518.174626 424.010858 -61.584560 -360.799612 -94.247514 -262.395932 -390.507667 -85.245954 -318.555444 -146.529837 -65.205319 -612.829616 -160.718765 413.967776
-511.962552 -466.369281 143.355622 -418.964894 -95.151449 860.485195 -94.691787 -151.503507 -634.821073 -178.779202 -93.266632 160.136617 -73.326109 471.239306 550.280792 25.101602 142.809542 -419.810457 202.178194 114.179711 -277.580271 -32.500892 147.050335 97.151572 -49.587766 1.523906 -243.145514 12.441758 -176.768067 -110.396790 -5.956354 -130.713155 -90.409973 115.813872 -339.223620 -336.418414 390.934187 -764.800311 90.211048 -34.510489 57.700591 -364.049394 258.887973 -224.722773 -111.081421 -467.308683 396.735694 470.470945 652.444170 -127.278762 15.506449 136.480485 547.532310 -119.314080 297.441992 279.957040 -149.771177 -660.870466 -398.963148 -255.965856 -126.663299 -381.558593 175.072178 345.665624 -391.777138 224.232685 -201.332945 -241.439927 -234.555109 -131.928323 458.907627 -0.262444 345.192620 312.791958 -268.845402 898.639336 136.612340 -180.723002 297.565365 116.812283 309.228632 67.607471 -62.622396 335.768975 -402.932050 430.690506 66.167993 -532.807840 -118.613275 67.928671 -678.275582 -216.019326 54.597669 -179.312779 761.548736 112.384119 124.917339 -18.382505 -77.190709 -445.941981
-208.166312 -264.652496 -351.814843 157.531362 96.128669 -165.243550 -31.535342 346.187549 -110.403043 246.293872 -120.029678 -470.326849 -175.327090 537.715498 -312.034431 -424.673702 392.189621 -88.460198 169.189792 -57.855244 -88.989054 -40.729877 70.410469 225.982016 338.339672 -338.271538 -114.193374 342.091824 -52.694043 -75.521566 -243.288023 -492.735793 81.345205 246.196151 122.666191 -256.384165 163.987426 576.679512 -28.871907 135.614912 -245.000381 628.584361 -61.842492 -715.844987 -27.193174 -189.399883 48.666005 -215.980818 -451.550466 -269.860458 -163.015430 30.214500 117.730214 354.252555 274.477812 263.891027 287.471483 -782.796872 -843.499520 709.353327 -147.082404 -57.410500 104.410171 159.903357 -334.120801 -263.596734 569.501271 -75.092223 638.319307 461.179851 -179.555661 11.438237 435.831206 485.622471 606.681380 -234.099753 13.915288 -111.501180 -840.551919 -903.304235 54.756395 -358.154876 -273.171340 -49.937254 352.370509 125.853758 -106.100780 457.975247 161.983321 -78.290549 182.845041 -81.612945 -58.822699 -254.007743 -546.915688 491.557834 -294.600115 -897.117766 11.792493 197.326385
-23.887533 -301.852889 80.749339 -83.275120 199.257601 3.043878 319.452054 -47.865857 -155.868396 -332.308356 -56.929709 -24.355486 -106.624928 -223.973435 368.473010 -391.808120 -742.665377 -636.477709 -117.759854 -62.917512 -374.511631 -379.221587 -37.058799 -58.478534 -218.706764 -27.636992 359.288518 -403.393111 53.825644 -197.965371 -232.659782 96.227147 -154.370405 226.291653 -369.083009 -8.737073 -656.586326 -192.939320 -399.888132 159.793503 697.082717 -263.571217 90.351328 107.885925 75.801524 247.906624 69.936102 -648.186347 -555.422894 -465.944573 -296.203669 94.325201 -191.697257 -479.321332 15.050633 65.918224 -235.579042 409.369881 270.451358 -285.847204 -195.790614 -383.378995 328.837703 216.199103 690.740255 211.239471 -397.611729 -532.732519 -272.600342 -296.300637 -279.831330 180.609564 471.832615 -525.570563 146.291836 -126.430572 237.665729 413.182138 288.901175 187.983885 48.598588 184.261185 249.606393 315.564664 799.895737 613.411670 -46.568991 -46.480426 -350.754221 59.041004 463.568277 152.597276 -46.982381 -30.564635 -154.246604 -183.926325 -300.710754 188.602514 -364.624385 153.379294
443.038393 -327.117666 821.651735 -37.271587 -144.669038 -258.484747 -80.905530 -209.484879 170.276925 -552.458784 -13.360375 257.734296 383.490545 244.819758 308.626201 -9.015022 -367.613784 25.907169 -532.692767 -293.382283 72.739915 -141.911977 -81.576137 283.676848 -118.434257 -140.898538 366.624052 155.938981 196.787407 -771.185848 93.625670 322.324471 365.636708 -194.190318 -259.377617 443.953289 -95.371261 -208.333979 -173.505282 -22.662959 444.085295 271.810865 -118.475808 72.127553 63.939788 626.122570 167.530469 -49.380901 -333.866937 464.366119 486.840610 -18.721894 -374.373413 282.192714 343.628485 -310.132531 -324.590196 -139.271326 115.290513 -254.954045 -668.319119 205.096017 38.153979 334.237510 37.226315 763.420407 143.329867 -776.490556 -46.859051 174.519233 -306.939024 -225.976113 -326.291550 -304.342025 -266.069848 -449.171749 284.336164 -270.763217 21.133988 534.788671 -478.061346 -313.700393 -95.145608 328.811790 -21.919005 -299.316947 758.764920 45.476771 -125.818311 -524.847304 -182.153431 333.330018 67.825071 -123.818557 63.983602 231.108883 -223.093933 17.044245 213.898913 -24.811260
183.883039 300.939706 51.613482 158.287115 -133.121385 -307.053134 -86.808060 82.603457 78.676798 544.149175 406.856201 220.126566 468.795248 333.421604 -208.894983 535.788736 -534.192575 -503.754447 -290.504233 -556.419605 -147.339865 289.900570 -509.744857 -196.795999 756.839769 38.525960 752.507682 244.529698 190.235487 654.689432 -19.205194 -32.600403 44.235134 -648.920346 -144.427562 205.745530 -170.262693 -38.785896 302.343083 111.825167 433.974820 -115.465543 -430.244549 446.069458 -167.324598 180.713370 606.341536 99.188849 -63.928243 134.421387 397.674670 295.800844 -92.414032 58.085627 427.946359 -285.155688 -691.471558 59.218302 134.419695 -478.367576 297.068743 63.477830 3.442871 -274.683008 208.775979 200.676702 -99.555047 -150.014831 278.762623 267.956830 -700.561744 -423.773147 -87.139704 -243.411840 -437.153256 -88.540344 -73.648883 -347.696032 69.014294 18.315676 396.784965 337.264629 158.438493 337.835998 795.599617 -495.270519 565.235105 379.821052 -39.919809 -315.100421 309.592299 232.507963 136.555138 212.801801 -223.572249 -283.433122 -161.459787 151.040079 561.342437 194.470465
-149.984393 564.452430 -423.938867 -335.580678 155.407792 -122.164717 -283.548583 -444.281459 -137.925451 -45.384426 -391.772877 -454.154651 245.114329 -382.375689 -390.182760 359.204199 133.733582 179.138984 -198.053855 -94.238921 -35.201066 -13.577236 -182.694815 -162.086447 311.284873 -42.182159 522.798154 29.752730 304.124604 -252.031140 -166.492713 -701.982447 620.345401 -503.400439 445.820004 2.095351 -296.612454 508.259618 -705.810851 203.457141 303.341113 109.110041 -80.029748 160.326509 -319.476570 830.769064 764.163973 -345.458927 -59.754126 360.878455 -27.917842 365.650152 -135.883069 418.017691 -495.724102 -651.353449 -136.938981 692.573866 209.139011 80.818857 -308.073601 170.419222 -20.260023 194.460270 149.052939 391.789793 451.337065 -771.828251 -550.353911 -294.440469 -24.256914 16.570849 193.391129 130.727241 -144.733644 289.956500 -405.581236 414.660863 -141.268027 -81.339943 -42.400795 -163.538564 -348.615631 -106.960864 607.580721 -238.213066 235.934426 703.881244 308.700429 -303.101276 60.423557 283.901008 -367.459868 404.913218 -101.350018 -59.332872 185.172768 537.744233 496.212621 333.940518
-104.591790 -589.981737 -62.838679 -48.866412 -71.793834 -72.104583 192.067012 -123.610853 218.053274 192.756966 138.076422 -178.746436 91.928736 28.809254 -38.318251 65.530684 4.402148 -423.288739 -118.615529 -313.683633 183.694414 -34.747261 490.640154 46.473066 -112.629975 -215.791071 -81.224208 -206.391964 -97.645111 192.546513 547.970652 -44.553627 -341.143571 298.837957 -402.558673 119.043832 -334.028211 37.439043 -823.593718 633.518084 -625.183500 442.767894 -124.032371 -67.106242 490.662373 28.321679 -241.333984 443.710311 556.733459 16.276202 170.041074 -240.095841 112.807178 28.824548 15.186369 -48.359240 -154.633006 125.604298 -265.888985 -165.998377 272.043564 -656.227238 -160.526301 -314.423260 229.133618 241.282517 12.220813 344.864155 -153.924771 -482.955442 77.547672 -434.733764 30.507382 -409.810212 326.009708 -142.456409 374.454701 215.074871 -125.954261 -323.880996 126.831456 143.683237 -229.644920 115.960338 345.897599 188.475215 -435.586049 444.584268 -434.662933 -1.410863 -61.023477 -220.135695 -75.646119 -140.376673 -180.126022 -154.099832 -533.543412 134.778247 -512.001296 -61.806763
-127.582868 -425.736064 473.528213 197.504913 43.128899 437.756591 98.545490 484.622915 -144.920039 -131.147757 -376.736533 -238.440425 64.473896 -310.726555 -453.271369 0.065671 331.793037 419.855624 -28.552476 -396.578348 -57.845793 -285.582266 -67.930365 -76.269461 519.029759 506.725943 -166.040418 -171.063919 -168.337984 205.614894 709.604963 638.378658 -239.673288 -218.390562 567.855471 -144.634353 -107.000624 -277.980746 363.809621 -24.433026 144.345965 -120.855546 -610.066588 432.594915 -534.240709 233.020718 91.901564 390.772444 264.956740 105.224177 -300.400397 -296.979201 90.331408 -716.329620 165.928539 -214.130372 118.934142 157.353641 -408.416437 93.821678 -301.584296 -231.696865 292.985564 119.814857 -482.630404 26.131746 143.770607 -256.874249 95.131785 -5.529876 92.851462 -522.459180 772.139632 -326.292827 173.885353 -521.346368 -89.291254 158.760474 73.119442 -193.083309 415.054767 349.847492 304.706440 27.498874 -277.720961 232.087025 -91.481117 -150.064722 540.649892 307.382431 -113.576375 265.474649 166.939031 -156.632060 349.228438 159.859841 -128.867370 -443.233272 -440.521997 309.762654
-632.997006 822.382788 -371.523509 217.611830 -694.248184 59.584457 -229.738797 -446.176224 549.863712 -238.983732 -623.199771 -221.164863 -245.982974 -364.435150 -167.289560 215.617302 230.420274 -100.422502 -219.290471 122.298146 445.983157 85.302809 249.313983 -420.728402 523.062239 -740.108386 294.381299 380.441897 124.684838 361.845665 107.521350 129.751021 33.411880 -177.907813 168.268838 154.796306 28.937623 -68.584091 138.042126 35.832874 97.602533 461.475929 -261.243868 192.179695 84.323192 -16.563048 390.403046 327.062151 -302.795307 29.929466 122.315465 -143.777892 275.272668 -470.075192 -9.595610 87.015841 -182.215005 322.396637 203.772723 109.026013 76.003128 170.695448 -611.636098 -203.058923 266.396067 23.014217 588.489660 -78.723885 -661.867325 -202.586682 -86.436959 -53.130681 -225.319793 97.235211 -195.815620 -117.631089 801.293585 -331.982926 153.224292 -136.955683 218.483409 64.224406 -393.228114 280.486822 560.906641 234.579885 83.084579 333.272367 531.316213 -281.872800 -140.817154 -129.409693 -495.320365 -438.851670 -295.782177 -236.601044 169.324646 287.232487 -686.730389 497.178012
545.463923 -26.192720 41.596665 -503.515179 -319.485740 315.904225 -219.317486 -230.560386 -374.934556 -424.727817 95.156221 -326.864467 147.324362 348.075107 -253.925053 -80.991376 32.512131 54.421207 -2.757866 -60.390490 3.091591 -420.657490 -415.796237 254.457802 -88.911290 494.567133 -77.477087 450.510497 -535.315484 37.433305 235.182862 139.201505 673.728837 -519.401301 311.038542 238.312306 -474.606593 -394.575674 87.528494 -184.999491 -737.726467 115.217086 -486.558974 -139.731158 335.212291 86.639489 -37.604065 450.233879 371.904755 -11.769490 -65.209578 -217.927686 138.504546 279.649640 -281.645171 -169.951716 222.834832 -310.826966 289.135037 -678.972668 -117.078726 90.724507 -445.476185 123.855847 -284.381755 -0.113147 -531.357149 -26.454556 175.272642 -59.198617 -76.509823 191.594265 -478.961189 25.046834 93.251256 351.347630 -704.990070 284.261863 333.966635 504.517596 -182.373637 -103.805339 81.831034 81.543266 -781.482202 170.749837 342.752561 5.157359 122.963787 -377.662316 -531.431728 -442.355143 212.447122 -61.071567 440.128840 -137.737314 510.585461 8.479544 146.966549 244.331374
-465.911041 200.122832 -349.098519 -606.922916 57.192357 766.607007 -158.755838 313.898684 -143.896948 230.818664 -998.177645 762.333159 485.447292 602.096275 -206.836053 -4.078889 346.008235 -119.093273 -18.258082 473.270816 218.910159 80.968061 -242.618943 -657.718728 -113.589052 -189.166484 333.844466 247.296449 -570.142566 -73.790240 4.866608 70.030728 151.231082 -239.769844 136.059738 323.111945 -363.450696 -489.529984 -294.650829 -191.846534 63.263422 160.812266 -137.604869 -245.989448 3.386939 -413.333458 80.320070 -233.946801 -616.517662 -691.894691 325.673490 -189.199869 401.468382 200.817560 -0.465376 797.493270 -380.776183 -39.404720 57.079619 -67.209220 -399.807514 211.555641 158.818316 56.164134 -175.531336 -171.306852 47.160355 -480.010583 -433.994393 540.859028 238.705230 78.361298 -46.610725 -324.056508 71.147019 688.703454 -8.562572 38.867008 -61.197175 -258.227758 -33.055862 -294.589142 -508.081886 -680.045834 165.210830 288.258255 -368.571722 -352.136449 323.914296 389.992445 -394.092611 320.692392 12.720591 510.913740 -219.964102 -272.250910 283.663405 -189.908958 136.835248 161.991862
-381.595828 -55.149446 -223.938297 -64.515643 -415.965200 -320.779562 933.595713 -92.795834 -11.680257 -618.197375 -205.493062 92.180722 -81.734725 -275.231211 -209.760577 569.851937 -299.672927 -782.159544 500.319658 191.131537 47.716461 -554.372636 751.493102 181.205792 -76.188255 3.830950 573.826052 90.484800 61.718082 -231.126830 101.259897 283.801411 12.513752 -167.350233 -552.131412 -248.503239 95.576544 -276.137429 -5.694996 54.036580 400.431426 -86.825720 -352.675485 396.835399 128.379274 856.781264 64.538058 -208.498986 50.169448 212.814880 139.904403 178.399098 235.721511 -558.876261 -352.361619 104.754303 -278.379984 -61.725602 92.313610 322.351037 195.156379 363.618949 86.138604 161.013376 254.986853 -521.349380 106.076602 280.044987 -296.260453 171.946186 -367.794647 262.350296 606.878078 -58.207128 -53.471584 -450.970030 -393.357230 259.123764 97.366590 -249.250272 -445.724832 48.044540 -216.585435 -658.243207 313.187291 -122.139017 -99.741103 69.295213 -585.193054 -417.297555 294.065311 -92.566238 167.118994 -166.392985 21.224529 -98.388230 -27.521240 -181.143236 -292.732594 457.718067
